name,sensitive_feature1,sensitive_feature2,sensitive_feature3,sensitive_feature4
Cameron Ward,-139.97108844876823,2.5938582062546534,3.366819803646617,6.944574771828984
Lawrence Moore,-115.10381145728992,8.111139717419935,3.0146886527289487,1.088752233876296
Kyle Nash,-37.05723216188438,4.517720083051006,3.905019648951315,19.97522008299947
April Oconnor,-27.721686223249975,-1.31789809534758,1.0595509875569917,9.790403939840491
Amanda Wagner,77.33073373291737,10.545528450330881,0.4162242255686845,8.102488656214499
Chad Guzman,-51.69350614809884,12.313473886685212,5.523365828830652,20.265294548892534
Jennifer Moore,-99.77756602853445,-9.921319145466645,1.883717372865638,9.10221386071443
David Hernandez,218.59830619564494,-23.081476318333195,3.3614440550843145,5.00118058029106
Rebecca Romero,137.6099270988228,-4.631444711838052,0.5074999663625789,7.699710547425225
Mariah Hart,-44.38534350146329,-5.639822486607693,0.5851482984202067,32.27252286411032
Joseph Martinez,-49.784583640720456,-9.397575094714664,1.1985857847105297,11.094767494186737
Jasmine Phillips,194.59023860949733,4.090784150374539,1.7761583835926384,1.4926575354357488
Mark Fields,-29.627968544228516,8.82685077121315,1.1374196330748108,60.6514334200402
Kimberly Harris,24.923943457544915,-4.56633541884084,1.4031478006104439,59.19644047928873
David Pham,82.89768423213758,19.91935582335106,2.0429453084436022,1.7388974213976165
Penny Shah,-34.16680191748955,-4.316766888238292,3.393448455641585,5.883778609357414
James Kelly,100.93823195212983,13.911356741363916,1.5227800581804016,2.783362945586018
Michael Carter,97.56609255322239,-5.214347404542737,0.5501634700052521,39.23756938094121
William Thomas,-40.01533132748411,-3.098706126976344,0.5880668567567294,65.68672840084916
Katherine Buchanan,-51.15397173121138,3.962769943547373,4.766953762931535,31.486354623689916
Noah Soto,-15.505438938941161,-11.011512411624658,1.8021248633133524,5.492504678771235
William Montes,172.86164654650327,-0.6720423801115105,3.192952704240086,0.11411828220195432
Michael Allen,161.29467989823226,12.789472605032904,0.1521069630812619,10.031875566832104
Laura Davis,-74.54087395275971,0.41501580318325404,2.673481220424871,19.119852228804206
Christopher Lang,-99.7838241041322,3.443632727759658,2.681027165200947,25.249904505044697
Brenda Conley,129.75099771175866,-2.898264208128028,0.8477241216674763,32.81916860712077
Abigail Richards,-107.28114380643567,15.419402259791212,0.6119503179807266,15.508504824022971
Kimberly Harrison,110.08607997325518,-11.4799133369945,0.40136151301958906,17.913086080781362
Dean Thompson,-126.22353459317358,18.39222253099583,0.7657837290217905,22.27068614100903
Kathleen Douglas DDS,-51.94899537907522,4.868165589514778,2.017414053954178,48.85418276493964
William Rubio,-72.26138210349593,2.4785366019776762,0.4069657161806883,70.72745626482966
Jonathan Williams,207.66349253182412,0.6814414279955092,2.9968820204413147,1.7518501674315083
Kaitlin Jackson,84.61381457935498,0.5926829613629558,1.3137407870422724,20.59028836358077
Eric Moss,-64.25557946698525,-17.131057278689845,0.9525418934745554,2.6774328675250416
Emily Robles,-65.20569468734779,7.101571492191953,0.7888342173025497,1.0211470167522627
Caitlin Becker,21.499916809258618,-3.750669562606113,1.213256680797897,10.664700776900295
Joseph Smith,155.74874189414808,20.190932610869424,1.6337960831902074,16.459087131089557
Alyssa Hall,70.30097569315757,3.8907703501040474,3.059273438038298,21.202060443033368
Pamela Brown,-79.05404283249962,0.9443956444850699,1.5051971978867253,9.646533771532582
Jeff Cruz,-79.64817538679596,12.94462643101709,0.6126447496240749,6.342570720917081
Bryan Moore,107.68153180591457,4.270207569398293,0.6976255686034727,33.37440978257139
Mr. Michael Beck,118.55590708865317,13.697377705753253,2.5879143586867,11.179686718143639
Lauren Ramirez,3.9533177180614363,-8.09486740402971,1.4374853907133116,37.04246503049985
Allison Glover,108.58585638437918,5.820241780749537,0.6548803588403102,2.2911127592513454
Catherine Bush,-184.50998978510816,-3.6343468210355896,5.475795052917322,6.703239492199636
Austin Pratt PhD,-23.29531174604982,3.4680079865389724,0.7572140261602363,9.028494472183986
Richard White,212.81488908710998,17.706417470484006,1.5845882664000805,6.884842898917951
James Rowe,28.455953757794415,-14.775586895302688,1.6889853404664468,22.423657191599446
Lynn Ramirez,-26.558466963686406,0.8668120246484303,4.370288322005581,4.971779462056276
Douglas Mcdaniel,3.121715739525899,-8.539070265645945,0.8130912142943746,19.315005872710096
James Hill,202.86419762930305,-8.948270133557518,0.9493077289427456,6.535670475047395
Ryan Anderson,-18.840062779413504,5.383748125149058,4.020018151162138,2.3442444861408234
Rachel Yoder,118.2198811314379,18.268275682555085,3.203515728454825,34.25246252208037
Bobby Schaefer,-204.28436374935265,4.086574106280432,0.48936261248915475,9.89313716569075
Ralph Horn,-61.9085563360578,6.920726390730721,3.126084773931293,6.07808328015368
Kathryn Ware,59.17327708504294,0.6492178249942544,2.1838695498968237,10.917514785882966
Frank Lee,33.23735554973889,4.1089696218595675,1.110898945864859,34.373984976948016
Peter Strong,27.783902703074546,14.233692199097817,2.1137088180674364,2.181651797145319
Andrew Sanchez,-16.924404063007934,5.907651559048171,2.2177413115807205,43.68557692926491
Joe George,-84.56723301421907,8.935523947216087,3.5103870153963186,18.246455085414123
Jeffrey Reyes,-3.1718397712695854,-2.6847472042189064,2.4280762685447477,18.293086672522257
Nathan Lang,158.0912641793518,4.3432557435365755,1.795912385371041,57.90996888418958
Charles Benson,1.9786670815508405,5.553066304570349,1.3051067231879352,8.618440480917123
Jack Kennedy,-114.18000385318244,-0.04881728543188668,1.4075903880748522,38.297994238697
Scott Hill,145.77027565673856,12.677767136607606,0.7858194225145165,14.127986402584687
Greg Tucker,58.92845038705176,8.74109188047179,1.2129337516349321,10.112551437406829
Donna Wells,2.6370747283554037,10.73938924771967,2.3441066390227334,4.160174022643763
Bradley Briggs,98.91128945733956,-2.1883916200429976,2.4345805707752417,2.8829281340814243
Connor Bell,-34.20477555144142,0.5964737002711282,1.553300919470271,2.6065948423257894
Robert Brown,7.193974726852441,-8.695235241994721,1.6273802618044817,12.766240386005896
David Logan,130.82953020845792,-15.22375370779148,0.7023751809377389,9.975000270560201
David Nash,94.13283993066295,15.409790989253517,2.0735105129531823,13.505626228644589
Christine Flynn,147.87529894774022,-12.436977239282097,1.1497343122337225,8.423054640658732
Darius Johnson,25.512863080086014,14.448692078086065,3.904746057334619,20.423492431855372
Alan Wright,-66.69996813637816,-2.4396625408061485,1.6721261111947188,3.8317718608795115
Paul Price,29.579829502254515,-19.49701280767345,2.36581158503859,1.3845672881001125
Dr. Andrea Griffith,-47.29419608772508,-11.67436577283314,2.5098397781638146,16.364526571490188
Casey Scott,-83.96627027261782,0.6839136025401258,1.0386346977251482,16.993186229839374
James Flores III,131.27560803631383,-18.51889089960923,2.071083108156733,5.141139166893539
Monica Thompson,105.93740084536903,9.278176700238793,1.347217634363812,14.361324644172157
Lisa Mitchell,-76.70314522291261,-3.6355218223037307,2.398490213656649,41.117480683232436
Jeremy Robinson,50.86409026171313,-10.038426065338307,0.1918147626789646,24.564948004606304
Troy Hood,120.2447396638232,2.595887969661117,3.356781869207714,34.08222584238847
Jeffrey Petersen,-69.49497228595544,12.244240277623586,0.9508787023654482,27.273438783966874
Laura Peters,55.06039885232325,19.26193781811351,3.811584569751836,34.73600409390507
Marie Gomez,160.40228264457744,18.384772572884547,1.2558492537731825,26.302348596924915
Andrew Butler,-137.74271190991067,-12.412606822643372,2.2420629603135187,0.8879907338181637
Kristin Jackson,-59.03358750046833,-3.837690186493205,1.2078198544724343,2.160775146149821
Jeffrey Murphy,27.245311862326197,15.259959724816055,0.8617071287363997,36.562461124305216
Joanne Hunt,43.78908050222343,1.1357485379257135,4.37986475832908,28.501922323228456
Angela Casey,-40.07919797722117,13.797391699010978,1.0468133047510049,6.498043468124248
David Ferrell,77.04850380890105,4.472880815699606,0.4804756562641044,6.667801685645833
Sydney Hernandez,89.13900545077497,18.039495869931464,2.523133098832289,2.2934674881343495
Paul Nelson,179.37407753010137,16.097348660397024,3.762938878549411,13.674577383971778
Kenneth Huff,241.72580341305627,9.402361084649794,1.1846842449834423,23.45006342600132
Dr. Tammy Johnson,-242.11289146100896,11.983503529955156,6.351871734903796,1.7623691126886065
Krystal Yoder,-16.5225569977184,4.641701494931678,4.056278390355367,9.178902327542136
Justin Hughes,8.109524419200183,-4.7034758971333,0.698162450858386,10.665354327363051
Daniel Garrison,48.123688072861334,-19.05148957149333,0.09454790881500937,87.90570542662101
Krystal Miller,-0.5319033815062948,10.532202879033044,6.233739284491121,73.15470334679068
Julie Howard,-18.48080136873833,3.5229003938252887,2.2819607342240786,0.22838178476727256
Joseph Wade Jr.,-11.539333885924705,12.211465085524743,0.14640645160186075,3.2421844128308965
Wesley Williams,129.82050152512605,-3.6749049440361263,1.585010736271875,0.48305204708445204
Patrick Walton,-130.49504010679823,-3.904332006827235,0.8887703139050187,16.625178935679912
Amanda Perry,215.58200294662578,-12.143510093871349,1.3657706397697242,4.2836672258393955
Jessica Howell,-13.788677787426359,9.675191509641461,3.198320492509244,11.857196982016436
Ruth Morales,77.46429663240967,2.207625644749135,3.873365970474506,5.808331641952141
Veronica Paul,-15.007316067801671,24.876634047263725,0.4848645730293793,21.234833797625924
Kylie Yu,30.792182564319553,6.235483473090831,4.756156752653016,82.56565218628849
Courtney Smith,95.60607080443232,10.180253055045533,2.660848717105104,19.814904576440227
Jared Foster,14.445585929689233,-7.811298596198828,2.00203086224184,21.106390085865634
Joseph Jenkins,-23.72324398283577,-7.364984346062368,0.22511568352235264,19.724077275606422
Judith Roberts,-106.33748639026695,-9.16087523594313,1.6568307938394802,65.72605853430784
Sheryl Gilbert,9.41424940687646,4.74676435605577,2.6011609881434885,1.0518976111067233
Jane Chavez,133.50866938256962,14.121757253823887,4.919978470858699,7.689594092551068
Peter Elliott,-81.5692424414411,8.441180511354357,1.9162048395554931,33.140537306598915
Sean Williams,73.22232282287425,14.130779412823003,0.26268951164909204,59.39349592763071
Jeffrey Walter,-116.53175938990296,5.357837940657285,1.3365736953516159,18.27805860246223
Richard Madden,58.567392500500716,-0.5837621513348266,2.4165293359294275,1.0731606123974715
Jane Kennedy,-31.161094190896904,1.8862354330411,1.6702137092104206,9.351354827366743
Kimberly Bennett,18.258601393453525,-21.44032601991448,4.005440330431261,9.064845671232577
Karen Walton,154.7399611191971,-5.385628723658362,0.9278545570890205,58.519997065790136
Barbara Palmer,-9.775420059116499,4.30123081358101,1.0644493198228824,1.7038679251165347
Tara Moore,180.53130533982534,6.7404825442446565,0.6883645957336714,30.571906119209267
David Olson,92.80914182804241,21.330939393116736,2.6267690765303287,14.382832828997367
Carolyn Lee,-9.728286074937163,-2.03707990417756,0.6843978047936676,18.87630560256777
Kayla Miller,-29.320413166266178,23.16886273853806,2.072579706609937,15.764047514112697
Robert Romero,-78.94787402557625,4.556374137873455,1.5437016119894746,16.243230619055836
Michael Reynolds,32.02587839968757,8.76487424540881,0.6858494727160402,14.084412464381435
Amy Deleon,185.5730490082124,-8.237707625316451,2.2012076542660814,8.342656718495222
Ashley Norton,-74.5323615366412,-7.23088141699678,1.5486735854543359,6.132493972700943
Terry Robinson,-104.57472599314843,7.786133891795961,0.23398645229980702,3.838946673968465
Deborah Torres,118.45183950568176,8.368103736205988,0.48229096273824706,7.738279355819789
Kathryn Waters,-41.63530591406459,1.7608953122118318,2.624446773129242,35.46932114738493
Cassandra Mcgee,9.285800082898476,-5.2592594402348,0.600186482776295,0.770081028160675
Eric Hernandez,-44.18316692530232,1.1735746221896797,4.0797810000943375,8.585000607778365
Jennifer Jones,140.96500248255109,-0.06920274939947779,2.50235689976987,41.405697446763895
Daniel Hendricks,-139.06953236039752,-7.1390850988305115,3.8691352391757756,42.234122536423016
Jacob Kramer,60.943701899274195,0.5973051100397972,0.6879679218198441,39.634422010464725
Jeremy Robinson,99.49339463300166,17.332930060530362,1.714040614471653,4.63049493415697
John Frazier,-87.37183059643377,-2.0126799520236034,1.2691505963895073,7.459946296088629
Angela Velazquez,60.338637538553755,10.515672681471713,0.463610520202342,39.495148270076015
Joseph Figueroa,101.27828708826993,5.733782688626461,2.70057271483616,2.760336820170095
Troy Stewart,-35.36542069075028,17.636321583975118,2.1355150630316326,46.442151352834735
Christopher George,265.5493045417914,18.959616129550568,0.6448419533551735,75.24923799518122
Danielle Howard,147.25198128935764,13.51784450851924,2.82690548743521,7.826454685306523
Teresa Beck,159.18917086876002,-12.609574016771594,0.24830226622199425,3.7442418539221984
Ashley Jones,-106.36935046021412,19.709306369124338,0.3024884827808451,22.70645378164231
Samuel Reese,-23.58712370952123,25.674985063564748,0.9623037389015195,0.14942067393576858
Dean Lopez,-64.65473651470774,13.883624812042132,0.9425725805351567,33.93347039955366
Jeff Rhodes,167.240911510445,3.2766436517859523,1.7207706476612987,5.290206993826669
Chad Jones,104.7254037481703,25.11077176105594,1.2634778710625134,18.82465480466894
John Brown,53.59568136008568,-0.9143131975128025,2.3508217784960146,13.666442369985868
Timothy Sawyer,172.63803657153863,-9.804429567237355,5.308175822228866,19.863341716502003
Nicole Johnson,-9.290866297733377,24.749461542580466,1.6396756343659094,11.080104891725496
Jerry Moore,-179.477629713096,14.67989766721165,1.227608817399246,20.51034004291558
Jennifer Best,58.4193697828622,14.590189048717194,0.7172820001341238,16.69927602596028
Jennifer Strong,-53.106439999769414,-18.739458426940313,4.079384475733971,2.3999212397574006
Bradley Wong,-107.73190445388815,-6.31584905375516,3.977030650670163,18.503955377734837
Eric Santana,-194.53739105918442,28.602774756103166,2.7719728633173237,13.953795236890175
Lisa Cuevas,-44.72526995834036,2.7243375331531903,0.7279496245535462,12.308959013579493
Sandra Green,-38.650873925803644,18.193391920794888,1.1778242954163065,8.402751171876757
Adrian Burns,-69.64997584485769,-10.932735832899565,1.9923596722530772,21.591157966796178
Shelby Jones,26.408030471125834,-21.964159935930038,1.2469281193818436,28.46821849570044
Bryan Owens,-58.48711355190899,2.627352284598581,1.4229206354449364,30.239826827229862
Steven Jensen,109.49516141908997,11.303125669760044,1.4438348360348605,9.0736517736166
Carl Black,-89.1759378128665,15.119808604555546,3.165807330290797,1.835259944169284
Taylor Herrera,216.07526829618936,15.381875573158332,1.1679175048809949,10.216171400306866
Mary Malone,46.36882035642824,3.919076756457605,2.3282192370862527,107.56467983607914
Corey Nguyen,76.43734263816623,9.055525828745765,0.5097708929422851,15.748350100433024
Joanna Hicks,107.88288259544612,-7.886751525781921,1.0394022014452735,1.1332516048610277
Jennifer Hamilton,234.4413044294574,1.0998929928199495,3.775634723639387,22.93336520223583
Jessica Hebert,165.61265251451695,-7.582038896214092,3.343357239769583,31.573044897099088
Matthew Woods,37.914321327852456,15.45237700321738,1.5461233269500556,34.82669589724069
Sean Sanders,-46.7678324810052,-5.537782208701012,2.3704083763138466,37.65750865649227
Melanie Parks,35.1471267924792,7.15538467010635,1.6579065117438592,22.017969750983646
Eric Cummings,48.03607843591276,10.053232173593269,1.3596372964679835,18.361360502742038
Jamie Brown,-19.913221635556642,9.570088010699632,2.7524086589303005,15.387139681185003
Daniel Rowe,57.98793834942714,7.331256787612275,2.454062919772802,10.590014540546239
Sergio Randall,34.86013064232076,18.098052092641154,2.5760192089925664,8.002636634333285
Steven Jennings,96.20320459249436,7.290952036942971,1.6269133981485744,33.73416102778171
Michael Nicholson,58.32190621325592,2.396266969648529,1.457785459350289,30.61941492731893
Thomas Mercado,116.56447581478419,15.532107433572968,0.15199752669941202,59.504896029183186
Shannon Houston,-21.654233702172746,10.305613510801358,2.506905378496397,16.656681131765467
Jordan Davidson,228.35670111641812,9.907071283920104,4.33771724156808,13.79082587342288
Steven Kaufman,-114.89944795047643,3.127948063240742,0.15071713833873593,4.658183145288743
Mr. Austin Garcia,137.4189451067827,-6.732604322410976,3.572543234660542,15.075890891430813
Natalie White,-358.136089537534,-4.927695262425511,1.6793270954982835,23.02449274828886
Michelle Lee,-64.71606771544052,-20.10624646593018,2.4196868039574086,0.07540040220207175
Stephanie Johnson,-95.16692093055231,-11.252990695380799,3.133633393469637,7.34318448280257
Anne Russell,155.54303678938916,15.387046902229546,2.0342039926283686,54.25588426225369
Richard Velez,102.70435255136823,-7.817100031746115,1.488791710145372,0.14820734332648297
Morgan Jordan,-63.86395145271294,18.745514044152316,1.2788553413323087,14.713205935473914
Mark Nolan,-39.26410594559237,-7.170079196602636,1.5624522350545347,17.10258096899519
Donald Bailey DDS,182.51331983588275,3.1697376536684425,1.5010556221077518,52.29838171869442
Christina Turner,-59.44526808034692,13.73811338989791,1.413517209898861,9.650552626416443
Megan Pearson,139.4404481251155,6.557033024431902,3.091744481192983,26.3089386421878
Elizabeth Bailey,-3.089967006903084,7.647430333377182,2.829249726927778,0.58646117405125
Alexis Williams,-10.550705203320629,11.774647900323489,1.2910675813609656,14.611762265769116
Kimberly Webster,190.154075666636,8.159585989240732,2.3478506474925016,28.81048152505992
Casey Thornton,-26.317015437511408,-6.54808528725126,0.2974087778531256,14.89892691781436
Darrell Wilson,5.752748160831426,26.150363748263153,1.1770456361806236,7.264093037875307
Jonathan Hoffman,-217.7015754924422,3.1036000583660353,3.0413232964539145,30.573831904870655
Olivia Rogers,-190.60464898828982,15.697139402971327,2.836043955700071,16.815569150685036
Paul Shaw,105.06042516696047,12.982039425310717,0.6838689196325197,3.342699387069575
Carmen Baker,32.286158173159194,-0.7516483895321002,0.5462666631790092,8.71647492055261
Kristy Smith,46.7476303399852,-4.261867451574881,6.604528743345488,44.752389317754634
Marcus Torres,19.55486164385983,-15.154444601971957,3.9582777315500293,22.694629947080685
Kimberly Davis,-27.32303845106094,0.9407484647140549,2.8982377246194018,32.291514872360914
April Todd,-157.8826538471838,-0.12263218750666116,3.7205253389404644,5.8795665484774995
Erin Smith,13.665359337479645,-3.2060790611491976,0.5832885152263092,6.6053064743955305
Barbara Haynes,-88.2696691280321,-11.639267692591627,1.2051197379442866,2.460451108919582
Charles Serrano,-122.99690746689708,0.593507209819919,1.6082324288296392,32.41843890772205
Eric Santos,32.648705374285086,7.648584464753583,3.459109284719305,34.288413902776696
Carolyn Yates,69.29077129809009,-3.2004309463306937,1.802115208368385,9.578101735493938
Mr. Travis Young,42.824964720733476,13.112965026934777,2.5940572285516774,48.05453797844684
Kim George,-240.42296682222798,10.81625661308984,1.1872724402654786,31.92664423778396
Amy Mendoza,-123.71689031974637,-5.0809321667328895,0.8853252621095078,71.59349002740242
Ann Young,150.12242888024394,13.526144552632978,2.4941158808360555,14.799517317941005
Jennifer Hunter,-93.5968907422983,11.840743706772356,0.6639729485052835,1.1878386444239506
Katherine Turner,134.97631380183824,6.963270593468371,3.251656018581904,7.9251705020419925
April Neal,-44.790437466181515,14.524617953581245,1.7881953146771687,29.356640591893072
Shaun Wallace,76.55911165877173,18.47356880222589,1.2777022985676763,55.33787832595593
Charles Thomas,-60.33439988888699,-3.7635641267534483,3.1390153393377433,0.982857474980478
Thomas Graham,12.68512443275744,5.658462022968223,2.638502948449237,17.009241098628216
Joanna Gutierrez,-47.03980051418508,6.297831675835212,0.2250137871231183,38.018088730306744
Regina Craig,117.1020148646314,1.5971659733759482,2.0555436884738874,11.23090334081282
Cody Long,-91.28950364014587,-2.092591422508468,1.1835257044191259,5.930293319554356
Mark Thompson,80.90540079267682,12.368631345728032,1.0722876353339736,0.26441127229779005
Angela Meadows,-219.56561366714885,21.551999871775664,3.632085023235474,5.81205905713103
Eric Burton,-65.38976957567183,-2.022565025953332,2.406172159129979,49.59513686686019
Dennis Duncan,-103.3393615870546,5.549423739438711,4.321437120272968,50.59604262745641
Jeffrey Garcia,91.650753120434,-17.846053516688606,3.0135722664106686,62.74133062626195
Terry Thompson,155.59932855820094,8.088848061206726,2.2000689666789826,12.777979858561599
Dawn Page,193.5272375677073,-1.3405886859585099,1.8086239806405895,23.41077161662684
Samantha Hamilton,70.03649634696157,-6.315945188304433,0.5156837865629823,8.038798466032652
Jeffrey Golden,83.95393103904665,13.85308518828863,0.7189041351832322,18.451694175910042
Kathleen Davis,253.22148319901382,7.004923512555839,1.6736235923395881,5.970731938147813
Jasmine Gonzalez,-14.09363895047887,3.110701552907278,5.504260440837826,90.76048485286357
Elaine Stewart,-88.53007570196866,-0.06672576193501101,2.172224696882128,58.27895483887993
Victoria Green,31.728098385273455,0.4491851476402364,0.661432334331471,11.667183437030882
Mary Nguyen,-218.37136107912053,-17.837209472517365,2.2431915817396537,10.328666796013463
Adam Barrett,-194.60637624066348,-14.904760314405404,0.5775351056545729,45.70637908464995
Angelica Bowers,-70.33301262727149,16.53222215127007,0.9722229319805744,6.248342781675451
John Petty,-147.30075118713427,2.334737673849003,1.095153160649789,2.403821640510802
Paul Jones,8.507441747583947,5.9369800532760575,2.499037870871024,15.196880299980059
Thomas Taylor,-21.374458329486366,3.8018561015942662,7.817362260261007,25.000379314659394
Robert Diaz,-30.932853707522646,0.3432562622090085,1.1850962478656202,7.973537408134942
Janice Perez,-129.42491701915657,-0.9970775237069494,3.9606054322736592,2.4278751200944
Jesse Brooks,-78.35330781733721,-5.639007870274472,0.8627930640371988,0.3594008530262715
Debra Stokes,-15.667865505337495,6.067014588753364,5.532895934946919,21.296052764452632
Matthew Jones,-114.01601252027513,1.683632896222041,1.0600768423892573,13.287273482067603
James Smith,107.14175758289805,13.272197870559843,0.7792822099238791,1.8922382907412558
Ryan Kelly,117.23998842198195,13.128056348260321,5.542350922576421,32.58254100982495
Erik Jones,127.97803941442504,3.5087564130496744,0.8337690912989009,8.591755306738841
Kyle Bradley,31.886379856281174,9.314889632912532,0.3471081951429273,0.6396398763990946
Roberta Smith,-3.595480631100717,1.4680233769306532,0.7842954940309798,16.708304640692493
Michael Gaines,52.31751053765412,13.524843392013786,2.7192807818453226,14.620046355514695
Jason Henson,43.56992473524788,-4.079084774337712,2.2919816117350225,10.198294022104516
Joseph Smith,-25.105019774251097,0.6616478912574699,0.25056439571203953,8.28184517257218
Mrs. Lynn Roman,-71.47907658506547,10.397091678691147,4.045416262167273,8.136997212296674
Christine Gregory,73.69307841436414,-1.5122335469699042,2.4613531572715743,1.1904318465602324
Dana Hess,-151.3297254537339,23.912401379118304,4.04108991271296,6.599491400700275
Alicia Walters,60.90128141394524,-8.243545635495948,3.0487816998385973,13.83665868762411
Daniel Gonzalez,80.79220939595655,12.964719239198965,1.853394806097487,17.379528462337227
Tonya Banks,-65.73052078546604,0.04470832079617448,4.715719227701815,47.08275170359427
Kevin Jacobson,70.45312921322633,-14.031780815207757,2.5130577221532793,23.610944995066248
James Campbell,55.76759255403253,4.3719440340327616,4.323520874050314,5.822038248731372
Jason Cameron,-168.0763134720544,9.700180702057722,1.4429218220975215,42.34829163020079
Justin Kerr,6.9041146742460615,-5.940280292765593,6.566588122099445,6.209903418882613
Bonnie Cooper,-66.83940219554334,4.989960403513557,1.5702678167287336,3.8939396266718482
Larry Brown,163.88045709450728,16.106119711166244,1.3976318378310615,0.9736367466338873
Kimberly Garrett,-17.31565848528107,4.2641455310358065,4.590977523902175,2.371776896001752
Christine Ballard,33.13804122607421,3.3183152293207314,5.407531173550424,8.429189226804745
Andrew Young,-36.0602180944641,7.906987910904384,0.929054447945877,30.19818545579829
Katherine Ponce,105.68880987663384,-0.14443741202777227,0.09663521062066147,1.29743264629545
Patrick Scott,-85.8680595835407,-1.797415450707339,3.396128776734268,24.589037344553372
William Gonzalez,-56.89182962729663,-17.313938606072046,3.143583273689609,39.76923774554885
Neil Bryant,52.901392487056626,7.68864408831554,3.0196487294483227,6.257055778869688
William Barnes,117.46173043002851,9.86378354804342,0.8781623441499741,8.6755998258811
Ashley Smith,-39.8013858072425,21.02374518442949,1.9785452734002484,1.5668316777801814
Becky Cunningham,37.79605192740446,8.43913677027761,3.6741284022067573,9.47528628907654
Manuel Farmer,20.446058606280527,7.717668285781963,2.2074347869267057,23.1654008296667
Carl Friedman,-37.15262547895096,8.91684030115724,1.3125465653646868,2.5967113771856964
Denise Pearson,-174.80811222823988,-7.317863344626229,4.799051010130021,2.064093373623515
Sarah Brooks,29.71050543605129,-2.9600677844037815,0.5869517007120199,44.78695601821525
Brittany Cruz,13.352201018837519,-5.45612457785402,2.184883100482457,25.25423860391872
Robert Shelton,201.73603583962733,-12.529205926835921,4.178607003927069,3.348166511466206
John Rice,84.82780569750602,-3.4306030283527864,1.2845290141608736,31.525064737325906
Adam Cooper,-2.8329863317331014,-2.7071393906455974,2.443870649851627,2.4192475836026786
Joseph Ellison,34.075622903261035,2.6231694759470665,0.7964267845397146,23.403953309475256
Stacey Mitchell,41.0872821082348,-11.765543991439253,3.3962391892122366,7.205891049017067
Andrea Weber PhD,-56.366429698488574,11.722115712224888,3.2605236813040874,45.739929423699756
Frank Buck,-40.023204939934374,-16.954821383528824,0.8130324053798128,25.60405484699659
Jacqueline Richard,-168.49255217623227,15.056809771548153,1.1856995624076379,23.48764927892657
Bernard Thompson,58.744924288864425,23.063744645662393,1.792638320712958,1.7207471302218935
Dylan Walker,9.608998007365944,-0.34457513995775635,1.993596027930815,7.620740092564215
Shannon Frye,-11.311322636370281,-5.538939451275496,0.5414950257256516,4.802904678649903
Manuel Rose,-37.22483915457947,16.26816734711257,0.9944479656170463,0.35935049104052164
Michael Young,214.81731109770683,-14.30173035893841,1.0541708241180627,11.674364095161431
Shaun Miranda,-51.91837399089151,-16.52364106063805,2.421849095673702,53.29916794326368
Erin Thornton,-154.36292715489432,-12.783965782246035,0.3363677993169291,14.564334410998729
Joseph Rice,119.51224509394677,0.626304270998836,2.303429737198693,18.78306776530479
Laura Berger,7.294267075924387,20.94857455785597,1.6905338756351227,13.524544665616961
Herbert Morton,21.94087351869789,-2.50457742361948,2.434027841557996,4.0045987159781
David Collins,-50.83672562575481,-4.9755320895813995,0.7256303302865148,36.3215653776502
Daniel Webb Jr.,118.75224636853173,-6.2413376769066105,1.3619792409553395,45.47128524979007
Lisa Thomas,-92.67761261898907,7.338131824819752,4.076211025556062,4.5188667103348035
Lisa Gray,-253.29059547748386,6.206373103184832,1.2113708175467892,1.6909357137080732
Patrick Carr,161.7505434268059,2.1922858726947254,0.6369474472109243,14.52998600321851
April Chavez,-52.09732513346464,-0.7032237872211753,3.867648929042955,10.51485221733101
Jared Thompson,62.114803757085326,15.30150973962975,0.7867705354772063,70.39365043104384
Candice Ellison,63.30842515327677,-3.321647084935684,2.1166343836640062,7.899325363818833
Tammy Barrett MD,-174.02196724918986,-3.4154125395395347,1.4472902200932567,39.227738425827255
Amanda Navarro,133.33023954402927,3.095528519267989,0.8160768546456771,3.7280480984078257
Alexandra Norton,16.853490105720773,-7.522249830879547,2.6113008720475137,7.979034465792704
Gabriel Fields,126.77278563165072,12.226996115786523,2.3433789223406456,9.18334812640541
Brent Norton,264.38432864955706,3.945209302383117,1.1907066922196237,15.295160841106867
John Baker,55.518896798368736,3.4491814497008675,1.8465349691393051,30.238308810883403
Pamela Martinez,216.2544560023904,-7.491479514046906,2.0690497689127394,7.190700728903224
Shannon Tyler,118.59158151392248,-11.872944958174113,1.8682755280155305,3.156112785364329
Richard Brown,136.586626621098,-10.737858785481805,2.4312903781700363,19.18619915468177
Dominique Ross,28.482725057440096,14.331136843808666,0.7495014951303047,29.998837137032627
Jennifer Carroll,-149.11126068285503,-11.807079234380023,1.2240703689842156,44.09763805202313
Donna Martinez,147.91059695143014,-1.5952232769885235,2.414583439626616,59.66648457627347
Edward Rivera,-15.615771672235198,-1.2327436040206141,2.6104783251187165,5.414608616958646
Dr. Taylor Thompson PhD,247.63150669512166,-13.313299842544591,2.726897698383594,16.72300667428834
Carla Hernandez,-202.91980733476922,0.2638429885353273,1.7976521130442247,50.760075607696386
Susan Castillo,-102.59268574403514,-0.8774226065545516,3.1036181474717988,16.38921321874738
George Martinez,134.9598970175967,8.611703018316746,4.246446182736858,18.433011965859475
Monica Jones,14.545001882457559,14.471929228211895,1.0723031901090438,66.42704057796752
Matthew Lutz,-9.989484570269266,14.616745396006573,1.5771494805448893,0.07182184048922259
Charles Kelly,-38.33633985774697,6.289694542844313,0.9639254631398069,4.507998622610659
Kayla Gonzalez,126.57650654775449,9.024052497856456,0.7579160313430271,63.364281715043944
Robert Wright,-116.84254476368588,3.540031374114587,2.2821311832110966,8.895304579551398
Zachary Alexander,-28.503236441590403,7.500419562779082,0.6924452680471124,6.233507916733111
David Stanton,-140.1829163398674,4.912265917990355,1.3149786216459085,1.9334130049577516
Erin Hodges,-76.48801693379271,-0.869528268170257,2.2715373198551694,7.495580600146101
Katherine Daniels,173.65861855558143,1.5508791919125127,1.2876860537650667,30.979516033867668
Devon Taylor,218.48011732964352,10.771606722742678,0.35205349813220016,2.816521027918894
Brian Morton,91.84109007822703,11.657313302927447,2.154839013072448,53.93495651615105
Erin Oliver,22.299827799439363,12.741140039462074,4.54840610857716,42.37360172872322
Jennifer Daniels,21.086834098781175,12.584944065732753,0.6540557621006559,0.289168085367113
Michelle Williams,71.30987360611259,6.514555359803171,1.5934462526412296,6.36467979890199
Jennifer Smith,-25.48359502912045,2.7356533049178475,3.239520453689778,23.53780543380337
Bradley Sheppard,61.23904237731119,-3.0112798697834293,2.01036381937229,33.537295469123
Laura Jennings,23.882693753798257,16.536652233742068,1.2322663188865188,22.344826112324863
Aaron Parks,-56.71425463704004,2.792043896405693,3.963663126794843,25.74053191817662
Rose Garrett,-87.82763928106549,-9.745672290153529,0.38490975694255714,24.810408870620062
Deborah Welch,-80.11436606740355,2.0892778202773084,0.8894582374829528,28.318875593813708
Richard Williams,-128.49644529151723,11.085060232310575,2.7686533280235754,16.349459046577387
Jill Martinez,274.50797052006465,5.415040795537562,0.49418769997819867,1.2347350697019044
Kevin Kirk,136.04554238084688,0.27417326673381615,2.302613114112086,26.53706264835458
James Smith,136.14372726457228,6.950606049555476,1.744852608422128,10.951559116274012
Marco Castro,99.85051991861374,-15.80520791732868,0.5239421431593532,1.2897586325154153
Kevin Johns,-133.06111507504454,9.435083899515933,1.1413174676587035,18.238731397627216
Samuel Hoffman,-74.34147378381414,-3.282953412740567,1.3344975107073744,17.41462420781018
Christopher Carroll,-23.065519770593845,-9.369514720159467,0.31419113608170834,13.615445171849153
Stephen Villarreal,108.35240192060584,-0.36992857129602763,1.7526525090449712,13.027454587406462
Matthew Landry,213.01303384900544,-11.10369252508374,1.37337843340199,29.82032635479427
Caleb Garza,-149.3267300669577,9.791667346188323,1.1100708224933058,1.5279201598799346
Leslie Clarke,21.900857484986062,8.304745432151954,3.322917767862377,9.541771737116836
Derek Banks,-162.42776324744415,4.109359941427932,0.3053466017336299,13.828560076736878
Nichole Clark,-126.44987753960245,-18.864823246557346,2.4965488693374334,3.5938224895423083
Kimberly Long,189.34443856968232,-3.585268502839159,1.028695540297869,10.19168070689677
Brady Gonzalez,162.49590595728577,9.527550502893574,1.485132414769301,28.092734868098177
Mark Lee,-90.78891796021439,-3.7017792599983137,4.216967859917794,33.30527041803643
Lori Bradley,-35.68409046689217,0.27533592690708053,1.6006203095208513,20.534279994473273
Michael Colon,86.42485084457913,-0.23014807719091745,2.3787750483999366,4.958592633858259
Amanda Roberts,43.16791706471926,19.625135037577763,3.3926817824664575,18.332463114423653
Manuel Turner DVM,-265.15535656871435,9.163018227867237,1.7801292468382495,5.070487399545742
Hunter Castro,54.36850023506756,14.323185602561184,0.5365620451948163,7.388734002465338
Marie Hendricks,62.17129904899276,-22.552818634174542,2.2120287077576744,6.856447324249768
Rachel Sandoval,-119.2856770321998,8.01671221894914,0.808150330775072,16.910232114486035
Troy Gray,-59.63072460497477,0.950039412594772,3.1872124567762525,25.382040875600676
Mrs. Amanda Smith,114.43417860380693,12.232929158768366,2.5903214381918835,4.655008253566554
Steven Blair,-158.15284595984807,5.500571986678322,2.0009286017725474,2.6159713847166284
Meghan Anderson,-30.299136273202187,8.876551344169892,1.6786510883126209,0.006408086700860844
Kelsey Nelson,-67.87169851456464,4.134909713245308,1.6127223440393663,3.7223417201875075
Kimberly Gardner,-188.78050387301292,22.00854841797404,0.9347570997891538,28.672084321268034
David Russell,-11.106330931231302,-12.214105415624013,1.2321471564800508,63.724569721142224
Gregory Hernandez,-103.31876090533062,-9.345519611896783,0.6151298812998078,20.686051046189533
Joshua Keller,-105.48935856828943,3.172664453784885,2.900738275284617,38.9917435293198
Vincent Estrada,-91.49156506978589,23.195960904923417,3.350413310750391,2.077854200026146
Ricky Davis,-31.993540827592533,9.098154407943401,1.585613334162924,29.797399219246465
Charlene Mathis,197.7475714225318,-10.28857450420955,2.5800128755640475,5.216565012662809
Dana Knapp,138.366836518241,-12.299430777645718,1.500559593161101,2.4387728744483748
Tracy Curtis,-106.96112189684993,-1.1420532889577375,2.0936271001574447,0.6983649682359929
Laura Rhodes,-95.17609366862293,10.98098337428193,0.9083459501263133,5.286937567902584
Gary Phillips,-18.341719907242073,-4.025730568492268,2.252554834045393,13.378998305504297
Cindy Ramirez,-76.10154487227858,4.961640426527092,2.193809759724141,8.434905720498337
Gabriella Walsh,-132.85343326199163,-4.248957663605306,3.489599757319808,17.4445188636235
Jeffery White,-154.1467364698717,19.231992387848575,0.1684700809278377,29.140341346651113
Alexander Alexander,85.87589924945254,-3.8132751760720343,1.0720947134202707,19.40210156732062
Ryan Estrada,-69.70479857472827,-3.458572993324168,0.6962704408593002,34.05534868248069
Heather West,200.91025986475813,-6.3853410579708445,1.9560420086254164,39.12958784784426
Jeffrey Campbell,95.58065241796585,3.973411256835562,2.3797082121293727,8.631720251697208
John Villanueva,76.430309298702,-0.4604373803605437,4.6293964068820355,5.431432363464619
Ariana Gutierrez,21.902793885485146,7.463923378487922,0.18651420278481978,28.943217405276293
Gregory King,-44.11410636067237,22.161232737244845,3.9120852411619853,57.270819698993314
Javier Hunter,-62.11223897489451,1.5490313797200923,1.471668200003534,10.483786394677514
Michael Alexander,-111.85271087516152,10.891334128720093,2.590157357119988,27.229210857538252
James Christensen,76.09030050526819,-16.227763239037227,0.9471702408819596,69.32922895267914
Patricia Mejia,-98.61651290345438,10.307992557747225,0.9087602035945329,5.8623843602106485
Tricia Murray,-3.2622412760126487,0.04209846590781918,7.644231639703169,4.734208652772445
Lindsay Bowers,33.00224779740187,10.65822964780103,1.630935305870406,2.487768716129722
Sylvia Grant,46.2319510188822,-2.1960833591738895,1.148144838879687,36.8513644756301
Chase Harrison,164.95825871388337,11.74820788651348,1.2999570884042728,41.58200948459245
Danielle Frost,78.24770059875377,-18.320892442852,1.1039627999434622,20.081907099845296
Amy Evans,-110.20421714715057,3.9265256074183674,2.5784529511356364,16.394410362639494
Brian Case,74.44647505309511,-8.353301771656806,1.3035465429782607,13.328462716789478
Michael Fitzpatrick,44.17210682792632,2.574736844040624,0.7758086698046573,60.18474611658797
Cheryl Powell,-95.33291975064891,0.9348465079897395,1.0965927723780695,1.095604115276449
Kathryn Smith,13.842188814228741,18.25773267967535,2.1107439534977708,9.687686135014605
Beth Butler,-10.850881710721278,16.96679747765134,1.9972945179380606,8.292887889480722
Rachael Goodwin,13.962755997937563,-2.951858481453918,1.438721908297311,1.7423266410148575
Melanie Brown,61.435826011667594,4.718456278666451,1.0994655318627093,51.94878446968119
Lori Green,-57.96222632806098,7.84141050770171,0.33252516125905696,8.438095692416463
Gary Crawford DVM,136.5533660230176,5.502501449296277,2.653036590859172,46.00866559240434
Christopher Henry,95.03996080840088,-24.61880563258905,3.147787465849567,2.120770797383141
Elizabeth Smith,-126.93585424556844,2.165075412514579,1.577119320218897,76.56190218886572
Ryan Fitzpatrick,118.37050568605267,-0.12522043703996655,0.3997549372086752,3.525399295342914
Renee Holmes,60.500108167788284,-1.2640821417496548,0.8650290024412788,49.43120141511841
Randy Little,-65.9316213334036,-13.716057264085606,0.5519219690261145,7.461462954964887
Amy Tran,-50.63846377861012,16.785657136156495,2.54842179685023,17.07312499876281
Paul Porter,-97.83564454203096,5.534901853181287,0.7853248322837374,10.487818407354952
Jamie Thornton,57.13966141737214,10.37121232240964,2.3713163289132333,4.429016150286368
Tyler Williams,97.65681134315997,0.5969714678451616,4.677735493372403,8.36120217328684
Theresa Compton,-193.95237691998256,7.574077794879839,7.70243670498957,4.654527365660318
Jennifer Hogan,23.55557680963782,0.5597337090684871,2.1742794090443467,9.597760364703907
Eduardo Jenkins,-18.471030063553687,5.914139880402065,1.4589803483386274,11.175570436020635
David Love,119.3464513624072,-0.4768103133518897,2.7118099444074364,50.3950819566529
Andres Reyes,66.07715747680126,23.883183461653964,1.017365953421952,0.6658200624733743
Carlos Martin,68.13717440929628,-5.7262582954355,0.3288917962897536,7.076864915962271
Jennifer Love,-68.34358079888122,4.793907007042328,0.25882828542786,20.865126945390273
Lori Graves,93.96861223293412,9.903996886099302,1.8572107417622856,40.87455912110677
David Villarreal,-27.759019800185037,7.444448421443534,1.9664783196298834,6.435916098275359
Nicholas Henderson,34.05825628124735,6.708535432037998,1.950425615289732,11.759341726686905
Ryan Mays,52.477907146796085,3.8367610515495687,2.956638910137392,13.18495810962485
Theresa Weiss,28.538702614239234,11.811754185425189,1.3455394488471704,2.8766849979561337
Christine Smith,-51.994473305058726,-14.991519235425212,1.820451225256176,1.0764422914204272
Charles Browning,41.063640536077756,7.866803245875443,1.853306384466406,35.07197563620301
Christine Kane,-84.10553681935737,5.183368545388559,1.927077648076122,8.69781175884873
Allison Merritt,21.435829561730813,-0.1714418409521583,0.8037668256240218,14.089408594126667
Benjamin Davis,6.948653580924299,1.2344682912900582,3.0014820139054157,21.195350729714157
William Horne,-6.94914518570512,-8.608373690984495,2.6890460229851394,15.624258246624079
Dana Strong,95.86680432724626,-4.2481757414912265,1.0213415699985413,32.27629771485456
Joshua Davenport,66.71227379323997,8.010688665651921,1.252157828728436,24.41647621882474
Robert Brown,-21.25419246564767,8.65486883087095,1.5669170184534424,21.25055626224169
Bobby Palmer,17.73514754523801,10.380557813958326,0.37309826391409057,62.52393053908182
Leonard Whitaker,-169.06264406747547,16.581976293819,3.654278308085419,22.071457046976622
Christina Flowers,-45.31376622874393,-13.672881458105461,5.921657626688853,19.026333020358233
Nathan Vazquez,27.667571037657265,-15.329212776704548,2.2295887158612833,30.631106924160587
Meghan Tran,-184.4313958665325,14.42423596841974,0.575063960454581,40.10364046757463
Matthew Elliott,-23.519634036479083,12.967252997016834,0.41973013600159254,59.67533938381236
Jason Parker,-118.36393312146271,7.6524259357739215,1.2542576271766903,28.356407130171455
Tara Greene,-15.36241103287881,-1.565958912492933,1.7227983624991217,17.520796515350654
Timothy Hicks,75.38742286453424,0.4716655532855638,0.39868423148887205,7.480746031125519
Michael Martin,-65.09405198500365,-8.645664304576131,1.3395684576015086,23.966457272462986
Carrie Moran,116.39382476185557,-11.02441689087379,6.038108873277069,37.10636458887074
Amy Bailey,45.5463484623875,10.052668084705306,3.811241106070181,21.278062707320803
Alexis Alvarez,34.97192653108803,6.856098710292418,0.3051132015204502,17.30340981677091
Deanna Roberts,92.53263397256816,-19.775057930900424,0.3900750997985391,23.327042174466328
James Wood,181.3641372529438,-10.603591509096471,4.247642928705225,0.785404280832876
Jake Walker,-81.28720608750865,1.803946755027469,1.0399608580287747,18.282971660373924
Brian Reyes,80.86697645672594,-8.68200944979044,3.346300349209884,11.05913471450252
Christine Gonzalez,-60.824135921357055,-16.779411020979325,1.5047011065569371,4.852388308250701
Mr. Bill Gill,-17.214511714323315,-6.504227405858911,4.87274405956032,41.10032375985233
Dennis Price,-50.88773365480862,6.218250091359313,4.573711835929923,14.1928407738693
Deanna Turner,-97.21674337498487,10.342406559508735,5.602528726738062,7.677098418831588
Sabrina Moore,39.24459448655392,0.38828901928019155,1.816699388601317,1.4566422490149211
Charles Small,-43.61810789789283,4.269293461692288,0.34605377053390785,2.940654830568677
Amanda Smith,-18.690242560944306,-1.0158054310459992,1.4050660394170331,35.89582547999236
Sue Melton,6.980648678392485,14.56014251602262,0.4955291184814418,2.20065822154963
Michael Anthony,144.54585752293306,2.6615476191997494,2.082561335007184,5.326082099812222
Austin Roberts,-24.542598202722843,3.6122500023690947,1.8533274364194205,31.8725987426585
Taylor Cummings,41.04826441102999,5.01585867341144,1.4228328120002876,11.629528003428302
Brian Riley,13.946480401530287,11.397726773550168,2.5378906157835694,23.76471469395712
Mrs. Amber Griffin,2.3342978286662355,-1.6630983416323861,1.5591812109332315,8.400119835376929
Nicole Carroll,220.5763423958005,3.875603635514706,3.9846058631454357,7.371352830473221
Dawn Valenzuela,163.27788017040294,-7.633450729248679,1.5063380482510171,30.68796117998442
Elizabeth Martinez DVM,25.016890742183868,2.6662489805470075,0.9145002509310065,57.346711608887105
William Coleman,45.56015396975644,9.986088587211547,2.505882037372168,9.963643179801895
Andrew Parsons,121.61682760680911,-6.06468421012891,6.076564638459797,1.2577107220551462
Pedro Carrillo,-32.18964171591835,16.36481574462853,2.657496326060711,2.66818819688472
Randall Gardner,-35.738987496225356,21.99782223913997,0.5005260954239253,9.490514911804738
Rebecca Cervantes,54.520429204374096,11.194774375092818,2.4003287358871144,99.63281756807308
Katelyn Simmons,-18.23681640949522,20.83271645467995,2.0353638862115195,3.3900362481883266
Daniel Banks,33.34099137328988,-16.759777676096213,2.4389276894578753,6.029968611250056
Alicia Stone,-121.98987283799363,16.18087101116264,3.1386637551426135,1.3465882320209779
Joseph Davis,193.948827085112,6.9144062082446105,0.5294074682001035,10.474393621338812
Todd Martinez,97.37960161705814,15.702292269672245,1.3974037209564054,12.564425028355771
Carl Benson,103.00469393509117,0.8631377448404818,1.0831116634035218,8.754660122313286
Robert Beasley,-68.3327641737505,-6.803055014377561,3.5495369710187803,14.752247474386255
Nicole Higgins,35.755256466438624,10.32448381046087,1.7181554410005961,0.01175619940409945
Patrick Brown,-83.89147347545628,1.5587634783179123,1.6569519061998315,33.526921348105944
Stephanie Garza,-56.59659834631695,1.908176030538281,2.7198442389926876,22.04369863877514
Lindsay Conway,58.23931624912069,-11.2826099351414,2.3627344917248396,9.642252737430434
Ms. Kelly Miller MD,-52.36786714309774,3.6753770116867592,1.4791148876568048,2.496359359062227
Dennis Boyd,83.83912625989952,-5.392064528771737,1.9250683699898616,2.6028340529770846
James Colon,105.28423432381679,17.098440578835525,0.9444325811400366,6.0679742239247725
Karen Richards,4.18240683268573,6.912639000247754,0.7194434247898411,1.5360794270123588
Kevin Martinez,0.6960584421344471,10.555408388603322,5.10388558568551,9.714082694283077
Bryan Phillips,-97.56876554095088,30.253844615586598,4.142529203185026,37.398467881564194
Shannon Kennedy,-57.41496160450136,3.3942706316190754,1.0519371979005323,8.139343877436612
Dana West,-53.89975145176856,9.385536192165066,0.9387228816538792,49.69811944165492
Michael Rogers,96.14562604874656,11.229907140479048,3.4809115025739574,5.5139164643847005
Stephen Hudson,37.73754451536094,10.17292545727873,0.9183588117483364,10.255061266962748
William Anthony,-78.77645941051989,2.054538023610114,1.822307216320794,21.36232123314847
Robert White,59.77743573898076,-7.826544957200731,3.428325008721358,11.436868488144023
Mrs. Barbara Tucker,10.886320215825144,-3.8616704471721572,2.0504970315790167,3.1467096065135802
Travis Davis,49.2503472032889,-5.84898600572193,0.7929063321432979,2.925996278549058
Lisa Dunlap,-204.37397068920868,-6.250365915499849,1.7602484774325164,31.66679712828797
Donna Washington,102.66907383410445,-7.868960619845174,1.5861026372438194,14.363261301822092
Vincent Carney,-21.189607654992933,16.82096947307501,1.1781569655895971,29.26601719799354
Annette Brown,181.9803861415338,8.985337595036704,1.0711829718482015,6.496577380585097
Sherri Miller,-20.84176403916648,8.455487346420156,2.1710203407350956,24.414000333060404
Bryan Grant,-11.584513990208158,-8.527403027647944,1.2750278836744902,27.86932449180775
Scott Vega,-76.24714241158878,8.950217483732779,0.5332704989567015,9.639081580631586
Travis Sanders,-11.353864601197156,9.534407275686721,1.3299715861828107,1.6201716895728369
George Williams,163.54645301733677,-2.7685672936019703,3.16143535830732,2.1945906623502243
Tricia Foster,-45.118338410231715,0.1001290734650162,3.4642471282735605,68.31101679081814
Brittney Bailey,50.53804991428551,11.102130285243872,0.3833113049908331,55.70998770823003
Brett Lucas,48.750329894762075,2.330469071647352,1.244737185804122,5.7497268023587065
Cathy Ruiz,70.52882781775372,8.715515350820038,0.8622684520441273,23.014682375451017
Cody Miller,53.006779870814476,16.278989206086504,4.009125714620547,8.857038471567106
Deborah Solis,68.7546771273016,1.6151381012310586,2.7303731218311547,48.21970136166617
Audrey Glenn,91.07171912831933,11.67312778753181,0.04047266093545668,14.188490334157429
Jesse Huang,64.84917743902776,-3.2510911721496516,2.234825635900779,28.686652204160545
Jesus Maynard MD,-85.68466553246007,17.545133742361884,1.8436504988483409,10.305661646027955
Scott Rush,-52.222689696142865,1.0774029844514312,1.0436485267830935,2.3120071061024046
Briana Rogers,-228.3303654149556,4.190282783928532,4.840376946491913,3.6006100891619046
Thomas James,-59.70105894554007,-5.313776474130423,2.804785707979094,8.747815081077905
Ashley Peters,53.3495958581732,-18.08238382987558,0.7981169769612138,9.146371335009267
Kimberly Anderson,125.24625018672945,3.3445692902420325,1.2447816121953206,6.576515505917203
Brandy Moran,202.6043398693027,5.251389587330183,3.4478581409521265,15.619503281925889
Paul Hinton,10.537386965919854,6.743554917873728,3.168554280171548,4.177739884806887
Holly Foster,201.5104121504837,-10.965131339869757,0.35891546478383785,58.021195920970726
Renee Andrews,30.9403446046676,-8.547208460263516,1.028960769748117,31.178284914331243
Spencer Gonzales,66.60873768644086,0.6597587564594631,1.2133881506724336,35.34022805525132
Gabriella Hampton DDS,-123.9394707418574,5.9390558951550805,2.157690967449639,1.600600962483972
Alexis Turner MD,-57.72207323778538,-6.553451792952284,2.766305255325977,20.82042472305181
Jorge Mitchell,-25.774041069682006,12.94355456959401,6.180890431013054,23.936583375766848
Deborah Clark,-9.875116485894935,-8.478552554042079,1.9943324910522484,13.545647569961192
Jonathan Dixon,-78.46765107736537,20.882785153028536,3.49132125195826,5.810365122771684
Debra Wells,4.317032528614134,-9.89347652323306,1.0343952302287993,1.605571589292683
Elizabeth Chen,88.9759877826011,8.450868711835291,1.015152026073028,15.313520815213561
Justin Burke,130.45978002288564,-0.4728426909866785,4.2055643127595435,11.089234317862008
Julia Johnson,-174.3694325726199,-0.09646772924702152,0.26758115532105015,40.38043711292568
Rebecca Richardson,-107.48329597187357,-2.0610506092950107,1.3243132833817295,5.167532358445248
Tina Christian,93.73080151049197,5.431608163150415,1.4004860591241253,19.006436242716422
Stephanie Henson,-107.87242962916886,-5.462399051610651,1.1169860305666555,54.36836237155205
Matthew Clark,-13.71502221489525,4.696493173604498,3.061015444568273,34.28874253219575
Jennifer Middleton,103.3442948367167,-7.1107345263045225,3.3108049462444096,9.304540636780917
Christopher Wise,-148.61804387121933,-6.592845076856616,3.1130267863479757,2.459025994712834
Wayne Barker,30.85914390572711,21.355057254558997,5.363466630826619,5.527013939424696
Lisa Gilmore,-75.73637340504746,-8.826833206576273,0.5171838168333648,7.349704366587535
Robin Gomez,40.71730151047856,1.6808557898652114,0.7848615229398956,15.960593450856306
Barbara Tucker,-53.76765718098579,-2.9686423636538333,3.120611013531688,1.188910297602219
Joseph Hancock,71.1722274787036,14.705117781557572,3.1483528787633808,24.00308176261643
Brett Lee,51.698768944399355,-19.902217081473477,0.32127416630891065,18.74036424104018
Maria Summers,160.06658080291916,15.86330762879983,2.391169841014544,35.20854845702197
George Gomez,-148.55360102266198,10.512907733231952,5.165338532123735,50.38751423138831
Brandi Hood,-149.31220693786747,1.485071695887933,1.072192017120932,17.306925967507546
Kristen Johnson,18.552934052509535,19.386450815526846,3.2371256631242677,9.521849764254428
James Salazar,-25.151929601165534,-7.560556341606471,2.3058947353168797,47.6787799675921
Sydney Burton,-58.86295404541123,-8.54911369894924,1.5993470810613517,7.7505218663980715
William Morgan,114.22973023433724,18.597743575743493,1.1195344297803387,7.328525216283942
Melissa Castillo,124.93768295906877,-5.692945918954125,0.7598674600093126,16.90813493199429
Karen Nguyen,215.54273387095722,3.887850150278526,0.8836391376385546,1.7331858144784726
Matthew Norris,71.86815676047968,7.083160650955454,0.8604746671009105,13.509497169423263
Daniel Hensley,-62.32586808916402,0.9896115990289713,0.21289612410876263,3.2523201807528688
George Miller,124.63600231785892,0.13697849878541835,1.7337761057097876,16.38511285820028
Kelly Oliver,48.72901147340175,-7.9185068088849295,3.880160172658068,11.038813049686482
Melissa Francis,139.0220763137806,10.786581724444247,0.9627756439026924,4.235006049384701
Jason Irwin,127.58544616448201,-0.869788980124401,1.5416999151693396,23.762374379331916
Kyle Gray,-32.523515589922326,3.1740343901049597,1.7429775398096041,4.1440138634647825
Danielle Reed,80.52842297372482,2.0115267640185985,1.0076277522609032,1.7625671331679564
Andrew Hawkins,-88.57052365668271,-14.846250770800935,0.6984028153288151,62.689297931366745
Rachel Kirk,43.81213634804806,15.80435218400112,1.536558509250274,43.06533646680112
Jeremy Patrick,62.2640162815865,-12.564408024708289,0.25961246078659816,63.12481355668933
Gwendolyn Diaz,30.606632628684928,12.603433266643226,2.153405566729181,12.447661806834986
Daniel Velazquez,-71.81577747434248,10.469305635731352,4.026667529092979,32.10278471927276
Chelsea Gross,69.86015300311443,16.238760470053098,0.7812313445258926,4.466707002648199
Mark Jacobson,-0.47572606587699084,13.160584046565969,1.261672632207201,53.03027152600468
Amanda Espinoza,-6.473607431864945,7.141530696691,3.514601694088561,34.99515210984845
Austin White,92.01265260586995,12.594087686423205,5.782156438412977,53.020857742420375
Lauren George MD,-28.000087031650423,5.35162431190782,3.419875907196995,14.852961346919448
Matthew Rodriguez,32.91732547986788,15.904285447989885,0.9539560884133363,35.03869979939152
Tonya Beck,60.59675248460509,20.508272887401127,3.506356925615529,10.765458403479052
Mathew King,76.13106975894428,-9.14495518652711,3.7250750349969572,20.232860572046164
Douglas Harris,137.58993102593766,10.658294893558075,1.8130897216241182,46.66113984365082
Mr. Michael Saunders,80.40671217953019,-5.60098812536479,3.6608418814777197,9.182908612644573
Ashley Smith,40.57466138430911,14.814871354741385,0.874088045349392,14.858761554743491
Jeffrey Smith,-67.05035771357129,-7.335309954949469,4.6402032049907564,16.349863934753827
Dakota Dunn,-30.77103879088095,-9.70786985453565,1.4969856080619768,12.603886464665452
Sandra Dillon,58.26138635598563,-4.766825232915982,0.4073910765667069,13.90849315428409
Theresa Williams,-160.35351571696563,-12.600561292464816,2.7641422367031985,50.29535294966188
Mark Douglas,24.43228307963529,2.1209287786421926,1.8791849186082181,27.605575360078664
Kenneth Woods,-28.527418548119478,9.040089898423489,3.2525287951311657,19.604743281132453
Steven Mccormick,25.771840266920506,0.5040556364419428,0.021867705058079768,27.853570245145292
Erik Wiggins,-28.997563254006337,8.124671201727296,2.3213141867306186,20.042348417184165
Michael Cole,-27.6267795966422,-2.9136763010281346,2.6569629149848755,2.6325075131663382
Chelsea Logan,-65.58566329383216,26.17587099176283,2.9052660867208875,12.288479860551272
Lisa Gray,-152.7445772160313,-2.3505244592847827,0.15822588377451463,12.110797506471824
Kelly Andrews,50.1243881891871,-3.827288422830221,1.986447009502935,13.765695552575112
Ryan Stuart,18.421039160703607,5.8949247301766885,1.28431762763307,12.581759701862227
Megan Jacobson,-186.9652827176378,15.290830608193474,1.7932798161495789,22.199019464747845
Tanya Humphrey,-111.40813340318766,0.14508965205834734,1.367157642592458,53.56482038646635
Alyssa Ball,86.68293830667939,0.7695931869703143,0.6512428121884033,11.011842256167348
Alexis Keller,10.493679446822766,-11.141650087069472,1.220861707537113,7.2818829551805955
Cassandra Alexander,155.3863875921225,0.095290413417783,0.50867714740091,10.756474376968704
Edward Dixon,5.063631162032869,10.285857465678077,0.3789010955722127,9.435308114197378
Erica Shaw,-130.89739126023707,27.394723282314644,1.2357011296710305,27.50008917087704
Meagan Garcia,-29.80736400722094,13.84458299601446,0.8271883105659764,47.52414806321501
Angela White,21.4734416203598,16.94942543079904,1.855584534149057,8.009167722261356
Emily Landry,-64.01958583344602,13.626030112429643,1.6629318174814574,30.481527994497224
Jonathan Powell,-49.57737132317719,10.626657867111645,0.6967399461650474,53.04353397684996
Elizabeth Santos,74.66599786167109,18.609639171397298,1.450092754635662,3.3737880339899657
Jeffrey Chaney,-99.6525970965318,18.441393782986488,2.265102744502127,49.60469911056789
Jordan Horn,399.44525527671806,-1.5835134424680861,4.921878971086987,14.67925393184732
James Moyer,-77.07907408224006,-0.2553525211999004,4.708863728710687,11.082801073248733
Peter Thomas,121.07978316972628,4.697534261127377,1.1384794709828632,39.015709108764334
Daniel Rice,-29.35880653058924,8.347141927923968,1.540758935021715,6.378876563597766
Jacob Johnson,-78.01747561113638,8.33657981134077,3.4685655275209215,10.515393181962514
Albert Burton,-11.425920589818332,-9.323011334464649,1.2683443208229341,29.01052445718142
Mrs. Jennifer Hayes,72.22772137706514,7.948433490379092,3.608920776767118,12.156035758086478
Sarah Scott,-84.04684664490141,9.178149062868723,2.863759533174759,18.594979044584402
Angel Blankenship,4.277004283154353,-5.9849388738013705,5.29584839249066,5.44315069542345
Jose Rivera,138.35862510371237,3.6332473774800107,4.882563324659212,32.7231485127838
Karen Fischer,154.477645600142,-5.057377539883779,1.1329075325334,33.12120755940688
Marisa Cuevas,-72.7430222630735,-5.266407705464575,1.47170909561545,4.931313797775758
Mark Logan,-67.7765316874422,-8.745079156622273,0.4835631636121147,15.140535080734182
Renee Lester,65.2669396270461,14.459160290164824,3.7651665865210067,22.007605142684636
Thomas Gonzalez,92.72200423491131,-2.630282838839574,1.604032364579073,39.84907939309081
Emily Harris,177.15288800187093,-15.53482989538697,0.5502036406188988,4.8663090309518395
Mr. Caleb Clark,-103.82519963418045,5.473569568863628,0.30769508594621287,31.938534210592966
Shannon Parsons,-105.67279570213407,-8.031772459335269,4.51316544341965,8.59007154723198
Todd Morrow,18.628615843292778,-7.960372400852634,0.8275848121522144,19.89674654647133
Willie Stanton,14.943785969216076,33.47538715322443,0.9210788223499358,37.87815388329131
Holly Maldonado,-9.877312037585241,14.97819160116789,0.8193310507357275,15.339629062326631
William Sampson,-99.81412962934178,1.07012827124964,3.18321936051076,56.027924423516794
Wendy Church,-66.64586904724622,-10.459517553456307,1.0469950374710202,2.2989692901807657
Heather Swanson,-23.698407449670533,2.763697891007048,1.4529757314035283,27.175870281457172
Brett Benson,28.96811672923904,14.848594854998758,1.431503106826447,54.7936062156482
William Friedman,-64.46850019825658,-7.069773905366246,2.2078681128973106,15.763285772084974
Christopher Clark Jr.,14.168007249187326,1.5529765095634809,4.1140159364264,20.00532348371733
David Mays,119.47693364501656,-16.99554593916152,0.2781793652891733,5.809683282291415
Blake Chandler,23.544545503587194,-7.71233758557945,2.3352220375993533,17.08710912310086
Angel Collier,6.9385618399942155,23.254705726709503,2.7741999837804916,25.08796539941332
Sandra Bray,187.2297890718177,-9.029380292177134,3.449884363073807,5.468201253680479
Kimberly Taylor,-128.9243898414624,-0.7141638592179955,6.460760099813096,5.429788004533264
Eric Hall,56.58935228165622,10.041066705090397,3.050989717393586,47.01915865193457
Lori Gomez,91.93152234818358,3.181840140721799,0.5455604669968264,7.756500095927632
Ryan Townsend,76.78375576288977,-3.297233486475985,0.6767436988272025,60.09802698803239
Ethan Miller,15.599180300234856,8.853566062446928,2.8489408050319462,0.8935572327974668
Ralph Smith,-51.736107063672364,-2.1297570309889107,2.176835251921591,5.323406537094273
Dr. Kathryn Middleton,-87.30133435255205,0.22632714651932417,4.9213357518261605,32.90140699534801
Gregory Richards,53.10577477943863,15.342454259068429,2.226965163661842,20.449752559134673
Chad Simpson,-14.612663024283048,12.827871706464633,0.3663836791193759,15.726902211135648
Deanna Martin,56.85843075720068,1.5555101982304422,1.5103315985579109,0.3280313005639316
Martha Sparks,-61.258117129108555,-3.1415306322501504,1.3202676612287871,3.6777421701720128
Mitchell Patel,61.15113458646186,1.412783550475866,4.001225142726796,1.068544662855504
Laura Adams,-12.516654276466692,-10.238889494072748,0.8913937241483277,8.318285583971164
Heather Perez MD,-79.73154209437904,6.424129865421609,4.8636835936451375,35.79402511003517
Howard Short,173.21474405154999,10.567963797959115,2.6253474052689687,14.318417630907783
Brandon Burgess,134.87310559244537,-4.4116160062119825,0.7425848146572727,58.5136721976197
Terry Pearson MD,-32.00135821588494,-9.748321072708224,2.424189290266538,10.424959856340624
Mrs. Vanessa Patterson,-25.29985003197949,0.3527127836813677,1.965614575850661,1.1866284572857675
Tracy Williams,-222.41042480129232,-3.6508597995150947,0.42137800927220537,43.29865464611405
Emily Ali,-199.30499344264274,4.221381964476498,0.4053694040636046,100.50365441330648
Erin Schmidt,-96.49780129557624,-9.304667915731113,5.7374773032316275,22.71370399955184
Matthew Donovan,30.8141344199229,5.113973597118371,2.0494294066688967,43.62088427334403
Antonio Hall,-209.40504244107544,5.999256129638672,2.781265325754812,4.328425989562032
Nathaniel Edwards,-87.8148096388372,5.446274159373139,2.0304064491558798,20.957390760119225
Michael Smith,-217.69529978647776,2.8502129268081204,3.539883755735792,3.6490860351857823
Brian Duncan,26.002312964717564,3.8025710074341275,2.871720914025549,65.87720334042663
Laura Nash,151.05297540491196,9.671369868505444,2.890813870622852,14.705624145206606
Benjamin Hall,31.59586322770212,-6.869832605027824,0.9620846700994168,3.1060239756909
Rebecca Andrade,5.71300517221087,1.4355672595536337,1.5943487574771915,6.74332454012979
Heather Case,-106.27645985533228,-15.73336782044197,1.811315284244932,5.74625708294197
Frank Hamilton,-122.67428504810209,6.144934043775677,5.961416584883865,4.541130530766212
John Ballard,-9.448989882081232,-2.2063512193693393,0.6619458164769447,103.4693883941557
Katie Davis,-119.65487333660676,19.143749230089565,0.8254794784161114,8.935023341273121
Glenda Strickland,-124.42196469200167,5.953078474274074,1.1515866053630486,23.73804748300155
Mark Willis,-5.936614958563592,4.1585040940319535,2.96282528481099,20.94185071878535
Christine Benjamin,138.83285753936548,21.43418377189032,2.790469989947792,1.1276893522893576
Jonathan Morgan,85.58667967563085,8.019612440854045,0.8370824507941279,1.1555351100818805
David Villa,-68.30377078137595,27.863880573996436,1.0760518662630492,9.785629602531245
Jeffrey Smith,152.74295881203216,-13.15421739985231,1.2528616966095492,21.79738120682073
Shelley Ray,41.57217569555361,14.08078425518576,1.3891069548691815,1.3106180995644947
Janet Mann,62.213295908785575,12.803248749540522,4.086651029997302,6.842003809105025
Collin Baker,50.0220271884996,-1.1662367458286917,2.9444715025318398,6.169033138101371
Oscar Lee,61.463892086969246,9.709019416757226,4.529628872292986,6.197799692120288
Tracy Jones,233.9299515074486,9.352286681016999,2.5505340587739407,36.67356720512851
Melissa Walls,87.5723159081965,3.2105744184986356,3.0890040353686,5.9316966151467545
David Berger,15.8264289376915,2.626286087233929,0.683236861935726,34.180375124985716
William Clark,68.55337424890729,15.301605135756482,0.6588159518773797,1.4722294954078956
Gail Smith,9.367048584918422,1.6082289033121249,0.2189245163021061,45.68811048096655
Amanda Hughes,-115.61345881987964,4.951549538535847,2.253244257496984,35.79035336853072
Emily Mccullough,149.8307844349621,12.882325282732548,2.1465608448191755,2.3074731469307066
Barry Brown,46.495074582275436,13.451859392886531,1.5040052817254441,3.5311387179490468
Kevin Wallace,43.41269695659701,12.453080233416705,1.9873354368235816,10.457844004798233
Ashley Yates,-118.3853637960261,21.85034578936305,4.145276968754875,4.7651919763287625
Louis White,-38.21704782577702,11.975657437871636,2.2738787010524626,26.586069460642598
David Zuniga,55.622763174185394,17.70420098869191,1.3742302837457494,72.90253162615042
David Matthews,-107.1717888325113,-5.671795953495133,1.2741839107078219,73.44387104525508
Lauren Miller,71.73616840390486,-9.916396963402864,0.48869680734841126,26.300496997139447
Scott Brown,82.8434346278617,-1.717135614076823,1.5748061420239794,4.230456700507699
Seth Cortez,0.6447632640572731,-11.348036243547638,0.7716392679253397,10.466990243308494
Nicholas Anderson,153.1100498562608,0.5356025930521926,4.301154050510064,28.33466862594208
Johnny Whitney,22.961549050057165,-7.052408749068572,1.5911213097150647,13.609187607409854
Kyle Obrien,-110.87254257901232,-2.531145041014814,4.059432586888748,36.012631063363976
Marc Bass,-114.7603230885604,-14.135641066135253,3.3881636156082506,7.491263482872106
Stephen Hill,63.94969919448529,11.117653720891038,3.732322220881658,8.838855146101004
Micheal Brewer,68.9217796963036,2.561413221948383,6.7751802485582004,9.336889743663066
Kenneth Collier,34.805093175086945,14.78238671103976,2.536869162609343,2.604390114125194
Benjamin Malone,-72.51481806331797,-2.5121114699022673,2.6017366759890526,15.798879163471645
Savannah Castro,-77.28877726112879,2.9826460433591526,3.138803535805857,6.597519266041692
Emily Grant,71.2414296390927,7.498547379917801,0.7615024343714669,2.542458114920813
Amber Woodward DVM,144.4063648008137,-10.279203384538727,2.0157418324937386,27.970932836084227
Mrs. Sylvia Franco,207.36930990752177,-6.468201661009044,1.8797240676793492,1.5621781274829682
Michael Stanley,-39.70600537365134,5.273486184049949,3.596260848285909,9.699852431136934
Rebecca Wiley,191.79182874680262,24.811308053458482,1.7351861236497401,30.978072534423863
Yolanda Davila,-1.1365691303649736,-0.5769119261408582,3.989955163272811,21.369422696629783
Bruce Pittman,170.20172135302724,13.251465595118837,1.5319483025599303,27.197314538407845
Calvin Mendez,135.6011577999414,-4.74530307632884,5.1149774368510785,0.03215771116652049
Eric Dean,-72.42099409495982,5.786347062426174,0.5225580924830018,57.96430566102812
Kristen Humphrey,168.1290556418814,-1.5631007527370384,1.3053439094811337,60.32099494445656
Justin Williamson,-9.25972635090622,11.229688131517795,2.064589583800504,59.139690813929455
Benjamin Diaz,-71.8498201157378,3.7054564520114353,1.0367947969704236,24.52086414188993
Chelsea Jenkins,93.00999085111897,17.372071422303208,1.0599129819929685,2.6841994972119334
Amy Reyes,108.32994241131135,-0.3506929921467421,3.150435272264009,38.208415207579975
Larry Bryant,-7.297069603475425,9.645048622338404,0.050951819419151057,37.17568881643918
Steve Miller,63.47619203541534,-12.920766615393209,0.18686489191892816,6.181211629138097
Jacob Ford,23.885208253587294,-15.510763931547661,3.4054065592922167,31.54336836745859
Mark Garcia,7.087935593570204,12.293783309605981,0.15610850123848322,4.168960320255208
Emily Miller,53.31171331583746,10.919008933199164,1.5496752265397193,25.809178519006952
Scott Mcdaniel,30.33200608904452,-7.9126684090641675,1.1529181884728454,7.032125886608835
Valerie Parrish,12.567729232339689,-7.266303880254446,0.7686640223201964,14.674837397328695
Robert Ashley,-20.08375042963154,8.905401297697402,3.286933444632566,76.6231917488959
Lucas Davis,-116.35524157249979,-18.957299471572874,1.5135726787162809,66.87882636531357
Robert Barnett,-26.620238933159364,15.334169984197194,0.2802941847621201,3.815267174219751
Virginia Martin,14.563525488851209,-2.466056434537647,1.718561322987345,45.71499457186697
Richard Wheeler,-90.66391716680978,3.04160616399044,1.9654360259519403,31.30949731859328
Vanessa Rice,-4.59178942400248,1.6366993755597994,2.5174647293507904,13.058130793699519
Marc Pratt,78.78711040384019,3.449914814485809,2.330408067742587,15.845591265194855
Julie Smith,35.442829107744636,2.3296253541107195,1.822217069962127,3.943646588383882
Tina Bates,-39.43165561098717,15.437604210444333,1.2433591665114465,13.633225765702853
Alex Cortez,-24.530289712278226,-0.43425940503734495,0.6764797769683982,0.9420934017856564
Joseph Miller,18.080220595812875,9.80307296431631,2.117090798316954,11.243617507859657
Thomas Thompson,-29.62921294786917,-7.705152929161915,0.9656378285894764,6.76952959864486
Molly Mcfarland,69.70414585016859,2.264841847890442,2.4043866518852144,25.574533966710792
Nancy Baker,1.4299500270024552,1.928856829287212,1.8694260236571907,21.213471681714402
Roy Johnson,102.43817267897533,0.28040908538389653,2.6836318100038423,16.62772740195932
Tonya Parker,20.589637102957923,10.61921055091009,2.7864188795377896,28.81968134860574
Ryan Garcia,-293.0564119872804,-4.986428926535937,3.758194609917884,6.949219016453494
James Wang,66.8709646298362,23.169274870767588,1.68539988973399,34.56409210871859
Katherine Delgado,-159.0317372097683,-12.469746185778257,4.703726262017897,11.994480574240992
Aaron Hunter,-11.233306874739487,4.014464725227756,1.49435774551392,0.06261492149280276
Madison Franklin,-66.74915426377845,-7.052754676453404,2.426833631359375,2.0021196787452142
Cindy Brooks,109.63779712610294,10.785697238734723,2.6333189879728107,11.249626969399921
Douglas George,-68.64802473825215,1.2552640819347445,2.820086533000061,2.9866336283442516
April Gonzalez,-82.0000953835572,-6.731830691882795,1.2675082564675078,28.017188293579363
Sharon Hickman,109.80121621333534,7.913018061393704,2.437488235525513,2.708617974201531
Michael Johnson,-121.51100475035537,11.604924490721679,0.49361298578765894,88.0460131670766
William Thornton,-109.783867977165,-2.1314890141751643,2.032346247789407,7.949273955184938
Meghan Figueroa,146.69205705730684,2.9808736101902635,0.9500246295426636,10.956728437240075
John Fox,50.01946891636791,-2.8312905101549806,0.9058876827145076,2.3859959631259904
Stephanie Reynolds,-96.4199643833373,-1.2709979246586798,0.9729291801607478,13.370262522379404
Todd Perez,1.3201301524067404,16.95489404829209,1.6910478167313034,100.27802738719942
Michael Lee,25.09732011735487,9.00783442386841,2.4166740702826037,8.264618230580986
Jordan Johnson,157.9508951902617,12.89926617527229,2.4936759150580428,14.390439059243509
John Goodman,-39.67691929818709,5.143310204407433,3.486950540397041,37.10509597669096
Martha Matthews,94.70918232026294,4.593405815526314,1.632083281308205,8.437700582313804
Eric Mullins,59.389233931305284,-10.48805504205959,1.2146437723209642,80.11020644666371
James Cochran,-22.951720159706646,-5.408559467374905,3.9720010835195714,36.33636574052116
Jaime Henderson,27.93119021761412,23.291488196782336,0.9094380693511203,3.7455057759004964
Debra Burke,60.49977721817294,-8.211881774754438,1.1277711534186268,22.295242395684976
Mary Carson,-86.30383908521615,-5.412639199793471,0.7522932895673041,4.104626607376635
Anna Deleon,46.94194807025759,2.948847461589964,3.9021196739920145,20.4987440975809
Elijah West,11.595972853750158,2.9711100947275426,2.9845062478400752,28.410601687616733
Rebecca Travis,-115.65584351519641,1.931718015597484,1.777239945373654,5.513783895696113
Heather Nash,58.497355542741715,15.632653126521786,1.0936501738045714,14.415853057571052
Shawn Olsen,-15.633808171101684,7.180782392563226,2.4414703914146627,8.253504448011576
David Brewer,226.340570020719,12.022046429757763,1.9593413587950834,31.716921265670194
Jon Zamora,-4.56832534879759,0.9945618547831638,0.6079790382958131,56.92622326180788
Rachel Pearson,-234.9374067639025,4.59064608386715,0.5531658458855606,31.386835275850228
Tony Mejia,-163.85874395367273,10.815703985455267,1.2715878125639342,11.557153013140022
Karen Miller,113.49528023589892,9.637821372420188,0.73846969342534,18.65933911797876
Bruce Gonzalez,104.81220614252152,21.362469772345175,1.0610013076457152,0.12875015918054608
Nicole Adams,52.46303567894167,11.78515985495217,1.6809936611767728,4.322386719252891
Patricia Sexton,-125.34309871294747,14.310234425660697,0.6136632643443904,7.635848623039298
Carol Jimenez,136.05303636206244,9.048735372693505,2.3635350198262506,19.955346382828573
Evelyn Ortiz,-51.96729005669751,-0.8539876202493129,2.5342899995225068,18.419589113938855
Joseph Alvarez,73.5520595245926,9.894134799390326,2.546962861729135,18.1437525871815
Elizabeth Warren,38.78747966683368,5.274890695420021,0.6427874775534569,4.494818173233968
Sarah Stone,115.63421993312416,-5.563110237606711,0.7881877411500309,11.528928354768171
Sean Jacobs,-66.99381611852249,1.7989276157208616,0.6695293083858561,45.25802323084375
James Kennedy MD,71.52737440506374,-1.8187158661547178,1.4098846745363744,12.118950903150392
Sherri Mcclain,-3.5396374610237267,6.195265481190642,1.525810890175157,3.7895233728180635
Monique Brown,119.46604121890284,6.057524089079233,3.6184769880057277,6.378343786705312
Sheena Hayes,24.45311054825529,-5.922052236719633,1.6800331583221166,11.800264869336116
Gabrielle Dixon,191.93117517872602,10.427672147368181,3.3255678343832145,3.8317738863214097
Bianca Carlson,-45.72510559445737,-4.50562965057279,2.69238318241251,0.8210702719727876
Leslie Hicks,-24.2237242656038,3.972300221375077,0.7319002749035348,77.06206675607159
Dominique Cunningham,19.08779638503054,-4.528524772908219,0.8046204584283982,15.65125204787594
Amy Turner,-70.62514751323448,5.242468703128084,0.8397246922719475,26.985623007914313
Kim Oneill,-11.511464169722458,-22.53011483253535,0.9338554257289527,16.021136322136893
Mrs. Isabella Bennett,-11.439121401419452,0.19626964801826574,1.493682960561622,4.1154136187935215
Mr. Preston Murray,86.4527851251444,5.046648357617869,1.5651317969752234,5.59258459889392
Lauren Johnson,97.27508483877344,-0.846068590646488,3.0102649626881584,34.77290128841544
Jennifer Martin,0.17342814293580844,12.435068316230478,1.673193724917633,11.724225578944873
Amanda Crane,24.699941957505096,-14.805055457303492,1.4682557759532529,38.81818268708892
Kenneth Newton,-7.890953687257859,2.4778982155981364,5.70568806573628,15.165222540503622
Sherry King,-151.71508643992826,21.880230682913613,2.9239599965111482,41.52600749314156
Michael Huang,31.35470706942847,0.17499905886499212,2.6674556617274954,55.33255967072396
Jeffrey Miller,85.65251110685867,-6.074194151094874,1.3932708151398097,34.695573705642424
Shannon Gates,58.34815330478761,-3.2101162627768804,1.3832642602421665,6.480293346151845
Ryan Garza,-45.16696539317854,-17.142489628608335,2.373794960947408,18.92296359749911
Wendy Davidson,-35.55344774283489,5.409570234224923,2.0002231868985696,1.984924676292157
Todd Stevens,-132.45913819516062,6.693256042615635,1.7583919858270551,36.15102270225186
Ryan Richard,-97.6165039598489,-10.454239484452737,1.9539651029606435,8.266511283321462
Anita Gray,12.419830881733336,-4.388772725329982,0.7821425122780161,28.257557168173886
Rhonda Ellis,79.52910534505136,9.709748944364229,2.8624355032574305,7.880549345375945
Brandon Jones,155.92724518164738,-15.43171050238432,8.491397932478819,16.83567052296359
Kimberly Hunt,66.29653480740991,-10.740786818785791,2.107679006344808,46.13202832867029
Joseph Bell,-1.6998005715633262,-0.615112253267001,2.379708097038306,1.6020234697686144
Matthew Garcia,-35.625684112511074,-0.5075563979386413,2.840990941350216,27.598245420901748
Tammy Wallace,-69.30109661486784,4.572078256706573,2.8670419435227847,7.644323028248681
Matthew Palmer,25.03087580044092,2.6647717669155098,0.6707632283039139,1.3108921469068326
Charles Avila,-119.42409606338921,-1.8762012705833326,5.163377313338452,15.05313683486338
Jennifer Vincent,105.48879376036406,2.83412478735604,0.6008840343640827,12.855795443995916
Andrea Miller,74.80792841396524,3.3275462825508386,0.29549433986045515,7.347790009951394
Lucas Trujillo,-230.27970787249498,-1.4282867683297509,2.4988209912803874,22.65173227887441
Karen Johnson,25.61684640369126,0.16912769382194526,1.662872953284607,5.857818364574729
Scott Boyer,-76.85494566359534,3.651794609379615,4.3503851393419435,5.637375854450097
Briana Howe,-170.83318729104033,16.388211181586144,1.2397830893333786,12.173010154764334
Rachel Johnson,146.78087880676955,15.139838977287969,0.8837717760230739,20.192876307305447
Jose King,-186.09359387089938,7.042655171767132,2.123007936802042,30.892815203347585
Molly Williams,6.356516830879,3.4225654858632124,4.459916330184252,134.51329740722554
Cheryl Schmidt,-82.40484767275323,-1.2750933535275877,0.5802297243273928,2.6320894402412467
Jordan Ayers,203.28602109502967,-3.7633400655510547,1.9248454635262136,0.6202458145131841
Brett Ward,-81.75953737450797,-10.359269641961056,0.5553565045480325,1.649750689011669
Alexander Jackson,-18.751347920801283,15.337620294441171,2.4116489701835633,37.3745597311322
Heather Tapia,-46.03592044116405,11.272959206374852,0.7633665021211357,35.34984017370221
Brian Lucero,210.1439568415214,5.559525442825607,1.423565922616679,26.69597518086571
Andre Reynolds,-176.15179786951182,0.9816967451040628,2.4420712937220523,15.556626217871823
Chad Lopez,-67.04008633538353,-3.723839144727844,2.708557162201836,17.86507757653288
Harold Jones,98.74269355714706,4.5714974570438125,2.116760408709856,70.10906867215267
Kristen Hudson,-99.24046376742223,11.846397536460346,0.44457639910147545,39.76966091749907
Angela Cummings,-3.591419022525317,19.84443928320221,5.261040641516172,7.130555101324979
Adam Richardson,48.079142291413326,-10.897080212805417,0.5621641978333579,13.085662228687854
Ruben Whitney,-16.296209578235676,1.883425059209116,0.3574119256851965,34.67024541301687
Kimberly Salazar,197.84427942299817,0.8573072193836606,2.269071040538923,3.8601811952515037
Stephanie Robinson,98.41705154308461,22.59731416011577,1.1300405969189107,32.67639802714249
Andrew Nelson,-32.64785419265774,15.887913043641763,3.2625717793041416,4.855072923938747
Anna Stevens,-26.174486370424866,8.225975102373905,0.3288709689675962,5.60570074464003
Stacy Levy,-32.91841637313038,22.000028832674914,1.1103116919356673,8.110024058814266
Rachel Wall,-224.81574676078677,-3.645293334256202,1.03705190939235,2.1502548609764913
Maria Chase,13.728545527395314,11.159608568732613,5.592683060355318,15.363136277371565
Lisa Day,124.18747530454986,9.87248873727993,1.001112305959341,21.063055665858816
Debra Stewart,134.7753934108516,11.364141993866019,1.0790326584097913,12.429145886971533
Kelly Perez,-22.695167998652032,-13.024292165660217,3.112648372088755,0.15834645615096116
Alexandra Hickman,-102.52688301831,-14.280579673829784,0.36024812348282703,1.9263654942340702
Charles Allen,7.111831274014991,-1.3784476670221721,2.1930505368723403,2.4667588038296575
Rachel Kennedy,-6.61143240943694,-9.583528240845773,1.2078903334962523,4.090891631360998
Barbara Clark,-36.83507360213158,2.6703939977167135,1.457011372577748,38.34037631964889
Maureen Chan,-21.66552014541696,-14.04971746456398,0.4310897599752711,57.938370174115406
Jessica Young,-10.300165376243509,-8.14112835090686,3.2512950330695674,33.85240234310149
Jesse Morgan,44.58186872331977,-7.766074210654901,2.1014235909757124,4.753864066557799
Andre Williamson,18.14544258730164,4.271776695697024,0.974378943000993,8.310764481542586
Mary Cook,-58.414977049082665,4.1895995998270195,6.175236677622964,95.3274159619
Janet Guerrero,-32.293781118391024,5.084150983206321,2.488115327390926,21.836930893241227
Joseph Howard,183.88600453173694,3.0763158752806845,3.721725695951792,13.898487046202984
David Phillips,13.978889711972858,1.559610229445223,2.1440435537132703,33.76051996609978
Joyce Simpson,11.877836099746043,-3.488150919712327,0.31830285789004437,7.21187919511579
Heather Evans,0.5508703528676566,-3.424695511573413,1.972546358377542,12.05969485359989
Christopher Wallace,-85.10208214290842,-10.895783436000508,2.9905726684604113,25.95411204090088
Lauren Cook,-163.94612996487217,-17.4419384903292,1.0926109302421403,6.423801992619907
Jeremy Howard,72.01767976412269,-5.907103934171618,1.3101171655362593,10.588783083466032
Brenda Beck,-7.436570480039311,-5.19285061243469,5.431083917813613,13.355701589728444
Alicia Cox,-2.564581133898777,5.983444949324467,2.5306238304522033,40.758100503862295
Timothy Wright,-57.24235258006901,-4.758634769473889,1.3175160743925656,35.62692027114824
Valerie Evans,-190.64764534204932,12.310136429203897,0.9358353894387147,43.59671855064793
Shawn Munoz,55.102387295026055,-5.432781975498919,1.5313463722643448,47.18232730969216
Crystal Brown,-36.14295376823033,1.709975266934575,3.680220124381619,19.193457611833185
Victoria Garcia,-309.37264044913996,1.4362868633478638,1.3430766401127832,4.134932298069082
Chad Jones,108.14878968319191,5.5780485718683455,0.24120380849665188,3.578445779307673
Patricia Guzman,-13.564483157452841,0.26567827327792415,3.278335542255981,44.67640713153617
Devon Wolfe,-151.07998611382538,8.676194382585386,4.406088112453917,4.989919675369816
Morgan Smith,-108.83102878238941,15.569705646042774,1.2173414381842265,33.4625208815796
Nicole Henderson,180.4164192373006,10.13856085526367,1.4301978266541042,29.494839036242517
Victor Lee,154.516720501852,-5.764152998681723,1.8123770474829268,1.1682861403268372
Jennifer Thompson,-78.2550728319351,-18.75768798679004,0.47054423111507837,23.63706412060516
Bryan Pollard,103.92402045915628,-12.302846233068099,1.022381653912776,47.847390458380204
Mr. Xavier Hernandez,-98.44453201065758,-7.473654350286521,0.9542824045542952,0.38387987048068367
Danny Lara,-57.223764255981976,4.102903720202782,3.62925934713264,16.176838622033717
Justin Edwards,101.56990967725275,5.733652500995738,1.6140582514692894,5.052180535750327
George Martinez,31.253318445395166,-11.340415501301349,1.1477465809259881,4.350535759323725
Erin Ramirez,140.9686355477225,-9.858216431317791,1.2538792115114914,4.466893073213013
Karen King,41.577014846809924,20.41028036842288,5.838370785638877,55.74938677445491
Victoria Ferguson,-13.295661348225188,-10.762803109918247,0.6594647563793806,17.152258977842504
Crystal Weber,-58.18566813403075,2.156526513443187,5.038408293349063,17.530134673673025
Cheryl Moore,142.64869443566684,-7.829241907700808,2.301234992505773,21.158326204743013
Clinton Graham,319.11107635139683,-20.064906776295516,2.7179158456501247,23.22395827820202
David Young,-34.092317481264274,3.022046260852687,2.7314409172458327,23.721639589118354
Sherri Blake,107.27327173115988,24.30796750302677,0.1826850584185304,125.2225220423262
Michael Ford,19.428120131925702,14.737592646590988,3.716863985047494,10.539622470854509
Jose Bennett III,98.8225991712382,12.729513484309994,0.7463105525260512,4.656063655235475
Christina Williams,92.3060030430702,0.9058404807104496,0.4430139110681727,5.064417467438501
James Potter,101.76291872896375,-10.662686783504501,2.053006199914502,16.1265678275613
Kevin Cook,16.74638595810777,-16.41845082638688,1.7506489145388735,2.0289871699066633
Tina King,25.163086566611426,-7.883177725133475,4.409813863395552,20.576907649089886
Randy Bryan,61.13769624063767,-0.07674154125235955,5.964583901437484,5.555382851747547
Steven Rodriguez,21.21299779527678,0.2584429368282044,2.3319890242059857,1.240969168373241
Michael Tran,-109.869224103374,19.19312864174894,1.4114801697365644,8.769203899641285
Timothy Arnold,108.25036222849376,-6.124264089394952,2.1232102448039716,14.996231009077654
Matthew Smith,-39.6435960429008,-2.824919982568243,1.2305718567533317,30.76058944265278
Cassandra James,84.99516627054444,8.762064493159269,4.824891835124489,1.4029776726390473
Charlotte Sanchez,155.9040969412704,-2.7901212885648192,2.0281696832921434,35.57528048955287
Lisa Hall,61.00628860154295,8.85798281593251,5.653880745175458,26.636611867418438
Lauren White,-109.80223498172352,8.603479422619888,1.6287396045657005,49.51571077539199
Ashley Underwood,29.36741353161114,2.4233306739627762,5.788833899395984,13.326956705530987
James Charles,95.21199468459085,9.732867059415506,2.9718076958941593,22.516201647109604
Michael Hodges,-35.41695092450619,6.276049349551001,2.4216763006633366,31.76649910300661
Luis Snyder,95.77729893417879,-12.392698807222054,7.727872406308886,25.311108035840775
Mackenzie Kirby,168.11827533088388,-2.5140597753240126,0.6594029831622874,2.3446357279507835
Victor Morgan,22.702070371206688,4.220805730372716,0.06570864852299398,16.594461000109096
Angela Mcguire,309.0629028552703,-5.704617500943412,4.539705444446484,61.41296289004938
Dr. Bryan Martin,-98.04599587372117,2.949913673506236,5.239562827459156,1.475829653240051
Amanda Jackson,106.17984867148131,-3.240744773715888,4.5944459494037595,13.722820770868331
Keith Tapia,-2.425638002547588,-10.485182997208033,6.024562139327504,25.894250680920663
Sarah Arroyo,-17.752464174207365,2.855563796505019,1.1706804681607232,32.12993967803344
Molly Rivera,27.7650733571084,-23.483026902539372,2.7588524189930275,18.203340173374638
Corey Pearson,-23.68502402028959,6.247500330942347,2.200430742201708,1.50150174836782
Sara Mccullough,-194.2015918694903,28.97602589688951,2.9635274738979707,26.587304462696988
Thomas Cole,207.1616486729964,-1.377900767011786,0.5658892616881253,28.265175437893895
Ethan Jennings,22.312506308368974,12.591846180089421,0.44198628210467156,42.727979245521716
Ryan Johnson,-34.359619689871344,-8.776540049293683,0.4461217976957213,93.00032953808523
Shawn Cunningham,127.11057830015686,-8.395821713360284,2.5174519869629868,5.914249961274608
Kelly Jackson MD,-163.0815499442411,8.466265664240836,0.6661627604825497,26.34948408908911
Pamela Holt,-32.603352357148005,0.8826317184206673,1.5726826033392087,4.958827676215456
Bryan Scott,-66.76512505310188,-1.675930539281837,1.5585825572552854,12.790568687748578
Anthony Fisher,145.25626704559826,15.758301035205013,0.507707719451646,23.06066361157182
Seth Davis,63.58296862864983,17.583463902473255,2.6940908151819176,8.663332925264065
Catherine Mitchell,242.39899650560304,-2.5479564172939346,2.945895840804019,16.47964280591645
Emily Barron,-139.83080569336101,-4.407619592638733,3.4782341712001648,32.628897308332654
Steven Hernandez,-168.42516935420878,-7.173482933406985,1.5106742583973007,29.92927497913509
Mark Jenkins,128.47739780907597,-17.26626849945845,1.0465659864769454,8.117560463138233
Jeffrey Nelson,100.82404542466145,8.2707671283688,1.5774388820042107,15.30998157671103
Danielle Garcia,74.8019874222139,-9.11930858741945,0.6930529484755384,8.594417519889001
Stephen Coleman,67.83431814992365,-3.246768255404275,1.4394753142972652,17.958169163792977
Nicole Johnson,-39.29988495493823,6.570976334943934,4.620435482041767,3.7277349008420932
Jordan Maynard,128.45014443577793,8.824368018549144,0.8756264418691905,91.42319023347882
Rachel Craig,-39.684970463515135,-14.2806952464197,3.521881390612595,42.82506615277673
Jessica Summers,72.10515853624881,-1.0064165307953932,1.0268970962109873,62.953853151317745
Kelly Landry,-116.03682892500301,1.4686334020619705,0.8994218058019299,25.200172239410612
Nichole Ritter,-110.18723303643324,-7.035576811736252,0.8312364950194557,9.10426357649216
Katherine Webb,80.72657362098886,-12.75712414800199,1.3768358164882968,10.707215169455282
Timothy Trujillo,65.81919137933221,-4.560747504045288,1.0453673166407522,34.90275302801799
Steven Adams,25.832024219983275,12.098161668054708,0.23481999628511516,12.946486105234357
Rebecca Fuentes,-52.33798427675209,7.460125407990927,0.1305144850876767,20.297059839164227
Chloe Robbins,-44.35644469803571,-5.317817744630263,0.4864724615006495,12.899600521446331
Jacob Cain,-71.00205248214061,11.109211099159362,7.469379757165554,81.06125368919388
Benjamin Montgomery,-213.41732806596139,-4.071800097239267,3.0151057403950254,57.91686403430856
Joseph Parks,71.4719293608646,10.807209281270907,2.1584582268964168,9.186030711507838
Robert Lee,-123.02150336333827,1.4360422628944922,1.864004639201313,22.589411641203018
William Garcia,213.4675162915193,1.3943472098744452,2.984476559044353,34.30723922861677
Kenneth Vasquez,217.83620519556,1.1064066961475512,0.7879250091913302,11.67737744253638
Brittany Simon,84.73808812625732,-5.180455668352369,1.7555947045296838,5.82142007459375
Melissa Hines,14.572212532619789,-3.9392326084288474,2.9359145836219627,6.937982515408767
Heather Craig,65.82377094308194,18.92446903202352,0.511482930919842,54.986319049603544
Marc Smith,-73.89384237244877,-6.171215631154761,2.9811270498164437,21.000195734379528
Christina Henry,23.688681207055218,23.961431335620798,1.6685441937200811,24.834485916058412
Mark Lopez,-104.03222649999888,2.1040348567508484,1.4328333150339532,40.72204209683112
Troy Allen,-18.18421002186814,0.7878504181350205,0.45667302487440387,27.21324755378987
Jason Porter,-60.67296528114895,18.1411811669581,3.344437019351676,38.94613013787865
Mr. Bryan Preston,6.433861795214708,16.16127273015981,1.140211213789599,23.851883629535156
Edward Reyes,-155.0778081035301,0.7608221780594118,1.606214986718153,1.8979961497745912
Jasmine Mendez,178.3615085591753,-2.150620826137785,0.9075506036783823,61.43624856168798
Tammy Rodriguez,55.77593900640791,3.2673944839198517,2.5072163706639157,25.368524221900305
Johnny Evans,-177.71437451778505,26.51908028620288,2.1086329031544837,5.2643286732840435
Penny Hunt,-33.55020227224923,-8.056550623870061,0.7109385274124276,35.66969880029372
Crystal Smith,-32.30998572163709,-4.560879250493712,2.784823786866513,18.08879754555363
Jacob Lynch,-121.7417518295668,4.299539352827267,1.6790715472709483,9.68484766391591
Joanna Barrett,20.94840757536288,14.711549861373516,2.1105111438528565,7.370050301896985
Melissa Dixon,-224.48179638465686,3.0734194814004283,2.2431595793746397,3.6652133063892633
Christy Hurst,-78.81456649311818,10.68674269929391,0.713918886746651,33.1306798748527
Kaitlin Morgan,-231.11744750576332,19.74303846259752,2.222988892056424,5.022719120378301
Chelsea Parrish,-27.111784756144353,-3.2074177502702117,0.7858243625915073,28.626210212535682
Elaine Jones,19.431481206382863,5.406884004956076,0.3841591755376935,7.079008400326979
Joyce Adkins,-21.054471585195813,5.8826244024571395,1.3763597127527027,57.77621894123424
Zachary Jones,104.29706227184992,5.371227451780505,0.9762876252204832,4.298515486808369
Karen Mcclure,26.160072225980677,-3.0399771797744464,0.36961527615683043,10.39352753121646
April Sherman,28.22424265808919,4.308213679803119,1.8289311024298238,11.424554516799013
Lindsey Nielsen,186.89468782880417,4.053434827928274,1.3752803094799269,13.8950828454937
Kayla Williamson,180.02656550902196,14.573078974821824,2.8120172930646183,1.9079795637286823
April Jackson,232.13580193817725,5.826266119897892,0.12783216464681266,0.310120668994242
Linda Carey PhD,-60.02839396573536,1.5934196178787003,0.7733812591764694,9.968151011873474
