sensitive_feature1,sensitive_feature2,sensitive_feature3,sensitive_feature4
3.8180673122406006,37.67936706542969,10.739114761352539,46.40351104736328
-84.23865509033203,-0.4660052955150604,15.964932441711426,10.861139297485352
49.395263671875,57.73328399658203,15.594046592712402,102.77908325195312
-88.31241607666016,3.039564609527588,18.721750259399414,-2.0387513637542725
175.45220947265625,103.63947296142578,29.80620765686035,119.14861297607422
196.8043365478516,65.39220428466797,20.555856704711914,24.614116668701172
126.5488510131836,23.75301742553711,8.286371231079103,27.85557746887207
-41.901947021484375,11.114873886108398,12.73798656463623,-0.7451210021972656
-212.2636260986328,-1.347886562347412,40.85111618041992,-2.0390307903289795
55.852294921875,79.6820297241211,21.92868423461914,126.11068725585938
100.1488265991211,51.48637008666992,14.883641242980955,60.39920425415039
375.9705505371094,99.71993255615234,31.312509536743164,119.9761199951172
230.99583435058597,74.65228271484375,23.272735595703125,53.15580368041992
188.3418273925781,69.17036437988281,20.504226684570312,61.63656616210938
455.60888671875,52.5552749633789,23.38861846923828,93.84514617919922
316.9165344238281,50.98217010498047,19.12065315246582,44.41047286987305
-103.0608901977539,20.36211585998535,28.18379783630371,0.4730142652988434
-2.243525981903076,20.983497619628906,7.990797519683838,-0.10425923019647597
-206.18382263183597,0.3435063660144806,41.20655059814453,-4.554750442504883
-167.306640625,-1.2011998891830444,32.38430404663086,-1.86077618598938
355.35791015625,52.50628280639648,19.40717315673828,28.938949584960934
125.47127532958984,-0.8843023180961609,2.530207872390747,25.27822113037109
-24.67243957519531,54.462806701660156,17.075334548950195,96.67425537109376
-166.00144958496094,-2.117232084274292,31.87114906311035,16.219242095947266
-189.6204376220703,-0.8123062252998352,37.238372802734375,5.601759433746338
-113.97476959228516,-0.3053115904331207,22.919191360473636,-1.2276449203491209
213.71334838867188,47.61309432983398,16.130023956298828,32.3223876953125
316.82806396484375,85.6041259765625,26.93351173400879,118.13084411621094
-34.034446716308594,56.07394790649414,19.58347511291504,101.97990417480469
-221.5865020751953,0.8808651566505432,44.66574096679688,-5.244242668151856
230.8760070800781,58.97724151611328,19.371898651123047,108.9071807861328
264.58291625976557,84.62165832519531,25.6047477722168,125.99022674560548
-136.97148132324222,12.664856910705565,29.06112670898437,15.387042999267578
263.70541381835943,92.23267364501952,27.290468215942386,88.84097290039062
-121.755126953125,-0.7360233664512634,24.33368492126465,3.4335355758666988
337.6116943359375,93.38312530517578,29.81330490112305,63.23083877563477
168.5033721923828,45.63965606689453,14.318158149719238,55.41727066040039
48.3395881652832,-0.6019858717918396,1.2427153587341309,20.95831680297852
-45.13483047485352,17.845569610595703,17.297103881835938,-0.825727641582489
-31.516925811767575,18.6464900970459,10.925626754760742,79.43502044677734
-208.9320068359375,-1.0765962600708008,40.672767639160156,-1.1770896911621094
186.71514892578125,51.43613815307617,16.44282341003418,38.79497909545898
273.7193603515625,39.89373779296875,16.203485488891598,85.43502044677734
213.5249328613281,58.8887939453125,18.89415168762207,36.60783386230469
-151.02854919433594,3.7369060516357417,30.05316734313965,7.11783504486084
-289.5765075683594,-0.035403814166784286,57.50525665283203,-5.924109935760497
160.75013732910156,11.13932991027832,5.7842350006103525,14.190109252929688
150.3162841796875,74.3525161743164,21.20594024658203,83.91016387939453
59.72420120239258,60.95954513549805,17.485862731933597,87.3782730102539
285.11767578125,37.45133590698242,14.722250938415527,29.01962280273437
134.08906555175778,14.845290184020994,6.694440841674805,23.72419738769531
-84.22572326660156,1.8284618854522705,17.777124404907227,-1.8945757150650024
247.24099731445312,37.70431137084961,15.418476104736328,104.2951431274414
319.14581298828125,109.98748016357422,32.363773345947266,143.23248291015625
408.7955627441406,65.54289245605469,24.55709648132324,56.63283157348633
-22.5278434753418,1.2161575555801392,4.577348709106445,11.377660751342773
-1.9321321249008176,0.509627640247345,1.0017337799072266,17.638273239135742
253.0513153076172,22.97635841369629,12.28869342803955,73.60497283935547
81.11602783203125,5.430524349212647,2.810262441635132,11.941413879394533
510.3067626953125,159.50555419921875,48.69269561767578,142.3926239013672
-127.58745574951172,2.275118827819824,25.99022674560547,-2.677806854248047
-6.535279750823975,24.073917388916016,8.0272216796875,30.878211975097656
450.4738464355469,130.56243896484378,40.28494644165039,189.9734649658203
169.3990936279297,-1.9316920042037964,3.062794685363769,42.17123794555664
166.8414306640625,5.399938583374023,5.725910663604736,34.235355377197266
241.42605590820312,40.45452117919922,14.366755485534668,10.916898727416992
124.13899993896484,23.638790130615234,9.0487699508667,56.8467025756836
-73.66336822509766,8.267539978027344,16.640600204467773,0.2614182531833649
122.96508026123048,41.043418884277344,12.425840377807615,31.09596061706543
140.44606018066406,55.24582290649414,17.62928009033203,24.031103134155273
209.33370971679688,110.20880126953124,30.983116149902344,146.66001892089844
-120.22267150878906,-0.5572968125343323,23.38372230529785,-0.08298322558403015
114.90254974365234,8.134705543518066,5.81814432144165,55.4998664855957
315.8713684082031,89.69725799560547,28.534387588500977,50.02090454101562
74.03325653076172,34.477279663085945,10.032670021057127,62.80064392089844
116.50279998779295,40.1368522644043,12.407943725585938,68.652587890625
-213.9243927001953,1.853342056274414,41.95925903320313,-2.6862685680389404
180.7602081298828,58.36114120483398,17.736251831054688,88.72765350341797
85.7236328125,-1.7858532667160034,1.2189384698867798,28.52743911743164
-205.4892425537109,-1.1489722728729248,39.37446975708008,11.875495910644533
-4.2966651916503915,8.947152137756348,3.1451504230499268,33.363037109375
154.00595092773438,73.22123718261719,20.85557174682617,87.93597412109375
378.4435424804688,84.92644500732422,27.938459396362305,35.63680648803711
35.216732025146484,13.76366901397705,4.275619983673097,3.5318660736083984
486.45098876953125,167.62374877929688,49.19573974609375,182.28045654296875
224.340087890625,78.7724609375,23.51430320739746,66.5115966796875
147.58953857421875,36.6601791381836,12.015217781066895,30.87411689758301
-50.3692398071289,7.565330028533935,10.795233726501463,22.52294540405273
-6.596011638641357,-1.5638920068740845,1.381610870361328,39.86103820800781
-373.5950927734375,19.950307846069336,75.62226867675781,5.670920848846436
-48.98374557495117,-1.5971078872680664,7.922414779663086,26.747182846069336
134.25523376464844,9.577775955200195,4.799261093139648,15.302046775817873
85.39977264404297,17.259918212890625,6.395190715789795,19.18421745300293
-165.96548461914062,7.658019065856934,32.97357940673828,0.9273675680160522
162.30181884765625,27.089435577392575,10.304566383361816,50.35270690917969
-271.5233154296875,21.012250900268555,56.3511962890625,18.36616325378418
99.27982330322266,6.1397743225097665,3.842491149902344,26.59216499328613
-51.85968017578125,47.18220901489258,22.00124931335449,62.52272415161133
-7.241711616516112,-0.8791783452033997,0.6201190948486328,32.424453735351555
-277.583740234375,-1.529666304588318,53.53170394897461,-4.0267677307128915
110.60144805908205,57.95866012573242,16.60595703125,85.60211181640625
349.040283203125,96.14469146728516,30.621477127075195,43.5517463684082
174.06468200683594,58.10889434814453,17.235963821411133,62.95038604736328
313.9927978515625,106.3169403076172,32.368885040283196,79.67015075683594
376.2978515625,121.22579193115234,36.12472152709961,151.79718017578125
99.02278137207031,38.63051223754883,11.992732048034668,20.375104904174805
544.7628173828125,179.08860778808594,53.55549240112305,175.67469787597656
407.010009765625,76.73526763916016,27.14413070678711,96.22166442871094
219.31105041503903,58.66496658325195,18.93777275085449,44.728424072265625
-28.621936798095703,7.706804752349853,6.760474681854247,11.60972785949707
12.250204086303713,36.67087936401367,9.809544563293457,68.06877899169922
250.13140869140625,74.66850280761719,23.12428474426269,124.158935546875
124.3001480102539,29.497100830078125,9.745341300964355,28.546255111694336
304.2236328125,79.30455017089844,25.45485496520996,72.73838806152344
296.795166015625,18.472640991210934,10.489404678344727,28.995155334472656
-77.59706115722656,65.04561614990234,29.498083114624023,99.74929809570312
-109.87255859375,1.9370458126068115,22.687164306640625,-2.6802456378936768
325.54156494140625,84.37102508544922,27.497838973999023,175.88792419433594
296.8065490722656,53.78032684326172,19.65199089050293,91.68789672851562
-66.91790008544922,13.874438285827635,17.159399032592773,12.254060745239258
-170.43125915527344,4.662399291992188,35.2674674987793,-3.6388461589813232
-140.13471984863278,27.74640655517578,35.244049072265625,15.59984302520752
-147.27029418945312,28.29936981201172,33.918533325195305,58.66832733154297
32.770828247070305,77.07763671875,20.812448501586914,121.73125457763672
-143.10215759277344,7.341218948364258,29.521379470825195,-1.057215690612793
-67.94627380371094,3.418894052505493,14.827792167663574,-1.4216288328170776
176.40780639648438,92.48883819580078,26.30011367797852,119.542724609375
213.0120086669922,73.99898529052734,22.813684463500977,44.21090316772461
-79.60427856445312,0.4701326191425324,16.235692977905273,-0.7113139033317566
373.44024658203125,67.33434295654297,24.7407169342041,122.11041259765624
-9.972960472106934,15.08595371246338,5.05017614364624,31.940326690673828
-10.66428279876709,47.12944793701172,14.596826553344727,61.431602478027344
-153.64248657226562,22.95677757263184,36.16372680664063,9.312868118286133
-56.41622924804688,50.26425170898438,23.248613357543945,75.04986572265625
268.33807373046875,104.12113189697266,30.241056442260746,183.0545654296875
111.05662536621094,41.916175842285156,12.494424819946287,34.68422698974609
-318.5299987792969,0.3106136620044708,63.5307502746582,-7.035570621490479
297.64898681640625,61.38204956054688,21.592416763305664,145.44325256347656
158.86639404296875,-0.4289321601390839,4.159068584442139,30.626911163330078
129.19241333007812,15.5180025100708,6.662968635559082,17.278804779052734
292.1622314453125,35.866127014160156,14.480989456176758,30.06774139404297
281.04669189453125,86.43563842773438,26.31941795349121,124.49456787109376
270.91961669921875,7.4531898498535165,7.978100299835205,35.699180603027344
-84.78661346435547,0.005212586373090744,17.318609237670902,-1.2276287078857422
228.31900024414062,64.76677703857422,20.089597702026367,68.98690032958984
-43.2426872253418,71.90336608886719,25.76869010925293,109.90056610107422
104.03857421875,75.96102142333984,20.706209182739254,133.59231567382812
-5.244892120361328,64.29566192626953,20.2022705078125,75.41383361816406
169.9476318359375,44.64040756225586,14.521050453186035,10.346183776855467
-31.04408836364746,9.096238136291504,9.792095184326172,-1.0129542350769043
-224.2390899658203,36.43045043945313,50.22604370117188,54.03145980834961
-314.774169921875,2.9188055992126465,62.23297882080078,-5.739045143127441
-3.12408709526062,44.29955291748047,12.35528564453125,68.35977172851561
-61.55542755126953,9.855591773986816,17.28504753112793,-1.7434005737304688
-92.762939453125,2.2865657806396484,19.70464515686035,-2.508044958114624
7.692758560180664,7.367685317993164,2.1461257934570312,10.154839515686037
-124.6928482055664,-0.4919528961181641,24.76211357116699,-1.9633854627609253
-111.92201232910156,-0.2639763951301575,22.409318923950195,-1.2772334814071655
213.97113037109372,19.957820892333984,10.089550018310547,49.73444366455078
171.4011688232422,30.67317008972168,10.831089973449707,14.626855850219727
-186.0370941162109,0.7823558449745178,36.75037002563477,-3.484760284423828
215.5005798339844,34.26808547973633,13.684019088745115,81.8702621459961
150.77435302734375,13.722187995910645,6.215044498443604,17.7817440032959
-58.1883659362793,35.3406982421875,21.895544052124023,42.72209930419922
-34.6048583984375,7.196096420288086,7.6179938316345215,17.326171875
144.0797576904297,54.84529113769531,16.099620819091793,74.08204650878906
170.0149688720703,67.58150482177734,19.32518577575684,76.0238037109375
-159.0832061767578,-0.6510695815086365,31.527570724487305,-2.414520740509033
-210.2444610595703,-1.0266348123550415,40.94261169433594,-1.5012747049331665
177.72384643554688,29.80590057373047,10.800213813781738,16.41245460510254
-44.56219482421875,28.718975067138672,14.944756507873535,40.92356872558594
-153.3779296875,3.483750343322754,30.758390426635746,-0.5540928244590759
-92.4561996459961,28.981014251708984,23.35377693176269,61.26787948608398
232.60682678222656,58.29227066040039,18.923828125,23.14157867431641
317.4676513671875,110.12433624267578,32.701416015625,101.34561157226562
114.34967803955078,33.13197708129883,10.381891250610352,11.319948196411133
-51.02524948120117,12.886622428894045,11.788403511047365,29.14620780944824
-277.85604858398443,20.810651779174805,58.10049438476562,12.755961418151855
-10.101344108581543,46.58073425292969,13.165523529052734,74.67042541503906
113.77682495117188,51.24788665771485,14.916921615600586,47.65424728393555
-115.7892608642578,1.4786901473999023,24.0267391204834,-3.165806770324707
-97.73318481445312,0.6014836430549622,19.704402923583984,-1.5746458768844604
-34.479381561279304,31.30222511291504,14.50998306274414,42.54737091064453
183.00189208984372,74.64508056640625,21.582256317138672,140.10214233398438
-122.02111053466795,15.3313627243042,26.07697868347168,24.03194999694824
214.18890380859372,50.11931228637695,16.471359252929688,53.65172958374024
-167.3157196044922,-0.18858136236667636,32.88402557373047,-3.266121625900269
162.92083740234375,69.99471282958984,19.96986389160156,82.23027038574219
246.77267456054688,50.78407287597656,17.205717086791992,12.006569862365724
120.50504302978516,38.6995735168457,11.987692832946776,25.768558502197266
167.90769958496094,116.06230926513672,33.11409378051758,155.9876708984375
77.37032318115234,7.193593502044678,3.276332378387451,8.592256546020508
64.44496154785156,32.410667419433594,9.413610458374023,65.95504760742189
264.9588623046875,36.05986022949219,13.911961555480955,22.82172393798828
-247.7254943847656,2.0908045768737797,48.52618408203125,1.8348268270492556
347.4781188964844,66.63596343994139,23.591323852539066,98.4838409423828
-42.78824996948242,33.306900024414055,16.47127914428711,46.477012634277344
-85.40895080566406,0.16683797538280487,16.571748733520508,15.271223068237305
231.985107421875,124.40238189697266,35.70414733886719,130.00212097167972
-75.07251739501953,0.22488312423229215,14.49109935760498,4.521833896636963
-78.80762481689453,4.788579940795898,15.864182472229006,24.72372817993164
125.38492584228516,20.125776290893555,7.529606342315674,13.286587715148926
-98.53227996826172,39.35962677001953,28.001508712768555,53.448463439941406
56.089599609375,28.232702255249023,8.171387672424316,30.78390312194824
150.64715576171875,43.8529052734375,13.944433212280273,16.382413864135742
210.33892822265625,35.15144729614258,13.57874584197998,74.33338928222656
-161.9476318359375,1.0836520195007324,32.926795959472656,-3.977181673049927
-50.7348518371582,32.11605453491211,17.334135055541992,40.20139694213867
67.19840240478516,25.954139709472656,7.9790778160095215,7.23342752456665
-101.6935043334961,33.65935516357422,27.351360321044922,40.406044006347656
-56.83738327026367,7.006359577178955,12.951992988586426,-0.05124694854021072
-56.446205139160156,23.944787979125977,21.321617126464844,3.928962230682373
-52.73507690429688,6.933837413787843,13.649109840393065,-1.736868143081665
-132.06379699707028,1.4373440742492676,26.956682205200195,-3.487545728683472
-202.4360656738281,5.304911613464356,40.676353454589844,-3.3077468872070312
106.52767944335938,9.07570743560791,4.471457004547119,24.26744079589844
112.50067901611328,19.60215377807617,6.916561603546143,9.34498119354248
107.45719146728516,18.37484169006348,6.914883136749268,33.28897476196289
325.73907470703125,89.59839630126953,28.163820266723636,86.93507385253906
-75.1485366821289,7.915389537811278,17.867727279663086,-1.0237834453582764
177.91673278808594,21.27866744995117,8.778582572937013,17.9776554107666
277.9425048828125,25.43901443481445,14.007550239562988,96.45034790039062
416.039794921875,101.27275848388672,32.647998809814446,115.37290954589844
206.28240966796875,33.58443069458008,12.40420627593994,25.12887763977051
124.17662811279295,41.97932052612305,13.566579818725586,8.726127624511719
-127.6156997680664,-0.3120380938053131,25.594730377197266,-2.7717609405517583
305.7313537597656,137.54251098632812,38.72008514404297,189.8355865478516
-102.08159637451172,-1.5803622007369995,19.312206268310547,15.686119079589846
-113.91362762451172,3.488131046295166,24.347639083862305,-3.2182805538177486
144.22445678710938,76.25847625732422,21.10957145690918,126.6250228881836
-144.6621551513672,9.815011024475098,29.312299728393555,40.17979431152344
434.97503662109375,49.06343460083008,21.89788627624512,81.36012268066406
141.19418334960938,29.29511642456055,10.22878360748291,45.47489929199219
186.39886474609372,24.69968605041504,10.793431282043457,64.86539459228516
226.5661163330078,84.45085144042969,24.336299896240234,94.15966033935548
232.1151123046875,96.00910949707031,27.35807037353516,119.89063262939452
-298.51019287109375,0.6104040741920471,57.50091171264648,-2.3590848445892334
-131.37535095214844,15.575246810913086,30.276803970336914,1.8173378705978396
-112.7793197631836,-1.2344218492507937,21.78255653381348,12.304582595825195
257.06472778320307,74.94686126708984,23.094057083129886,79.15524291992188
247.8778076171875,39.16435623168945,14.827617645263672,38.54457473754883
442.17486572265625,91.59934997558594,31.38419342041016,120.27725219726562
118.23241424560548,69.71370697021484,20.152942657470703,81.44672393798828
264.31329345703125,97.3905258178711,28.509862899780273,151.74497985839844
270.43218994140625,61.27671813964844,20.569110870361328,40.97768020629883
186.21456909179688,46.38721084594727,15.379881858825685,8.59465217590332
166.53811645507812,74.61827087402344,21.36193084716797,99.35720825195312
172.47763061523438,46.65989303588867,15.076976776123047,29.25117492675781
-0.7563103437423706,31.293087005615234,9.643192291259766,17.143489837646484
102.98692321777344,14.440866470336914,6.5070433616638175,56.245079040527344
286.46441650390625,33.55325698852539,14.731688499450685,49.474098205566406
208.0908203125,42.09024429321289,14.16381549835205,15.991554260253904
-96.0705795288086,27.908552169799805,24.380014419555664,40.37539291381836
241.2971649169922,76.35688018798828,23.447742462158203,144.00482177734375
150.9522705078125,43.61664581298828,13.882031440734865,20.92552757263184
99.47405242919922,1.1604757308959959,2.781989336013794,17.312421798706055
286.08538818359375,42.93832778930664,17.608552932739258,118.06779479980469
-101.05921936035156,-0.9052729606628418,19.34476661682129,15.820526123046875
-32.427154541015625,2.32485294342041,6.897774696350098,6.225619792938232
46.0892333984375,-2.5024118423461914,0.5135569572448729,30.96927833557129
146.324951171875,10.504432678222656,5.071389675140381,12.744558334350586
-37.95141220092773,25.803823471069336,16.823638916015625,6.8842315673828125
-4.511902332305908,-1.3324263095855713,0.4809122085571289,24.61166000366211
-263.4715576171875,-0.6265012621879578,51.05813980102539,-4.191850185394287
11.310876846313475,27.948917388916016,7.8514771461486825,50.93200302124024
236.68988037109372,45.219764709472656,15.927935600280762,52.85175323486328
151.35073852539062,48.09766387939453,14.802164077758787,112.59744262695312
148.59532165527344,68.06163024902344,19.50981903076172,92.27660369873048
191.74359130859372,17.697290420532227,10.411524772644043,110.19161224365234
-130.92672729492188,-0.4675641059875488,25.54719352722168,-1.2872833013534546
249.75653076171875,21.012630462646484,10.035562515258787,22.412771224975586
79.35700988769531,53.11432647705078,15.658075332641602,54.760780334472656
191.2393798828125,22.218568801879886,9.63870334625244,26.40232276916504
284.6629333496094,136.25869750976562,38.38560485839844,174.8275604248047
-366.2960205078125,-0.8731902241706848,71.16138458251953,-6.801434516906737
32.67789077758789,22.71826171875,6.362773895263673,20.388172149658203
361.2189025878906,99.2105941772461,31.5171012878418,77.76606750488281
228.97608947753903,60.31061553955078,19.346757888793945,94.69985961914062
-79.7542953491211,-0.005721465684473514,16.118219375610348,-0.29452183842659
254.12957763671875,20.310482025146484,9.98509120941162,23.41941070556641
-122.9991455078125,5.42503833770752,26.78648567199707,-3.002291440963745
520.0982666015625,109.06407928466795,37.48141479492188,85.98284912109375
153.47242736816406,105.47332763671876,29.12597465515137,167.06031799316406
-337.2433776855469,0.9550915360450744,67.64480590820311,-7.722560405731201
75.0394515991211,30.33039855957031,9.673483848571776,16.83814811706543
147.35952758789062,24.688615798950195,8.953286170959473,11.245546340942383
-76.2824478149414,2.377294540405273,16.327568054199222,-1.7420997619628906
-111.36978912353516,6.310490608215332,22.43268394470215,10.140702247619627
239.48182678222656,115.61568450927734,32.18542861938477,176.44094848632812
-11.90014362335205,19.13169860839844,9.21181583404541,-0.6850546598434448
-144.45193481445312,-1.0899369716644287,28.10660552978516,4.375030994415283
290.0036926269531,130.71908569335938,36.73763275146485,202.75071716308597
317.7750244140625,68.48841857910156,23.249460220336914,43.76166915893555
-134.78836059570312,7.824493408203125,28.19090843200684,6.4034361839294425
70.11224365234375,39.367767333984375,11.281325340270994,38.51007843017578
98.62427520751952,8.172927856445312,4.355574131011963,13.538735389709473
288.80755615234375,37.08712005615234,15.75862979888916,68.01974487304689
-63.97732162475586,21.997072219848636,17.181167602539062,25.52573013305664
208.06442260742188,32.492324829101555,11.7714204788208,13.52775764465332
231.42047119140625,75.61479187011719,23.02058410644531,123.09974670410156
258.39959716796875,73.4067611694336,22.72231674194336,94.6983642578125
-142.2287139892578,39.16493225097656,36.51871871948242,45.64767837524414
110.60823059082031,8.16673755645752,4.438921928405762,25.401012420654297
247.6637115478516,53.61077880859375,17.96316146850586,28.70454978942871
300.39105224609375,121.84263610839844,34.97458267211914,184.10520935058597
105.7485122680664,18.39470100402832,7.23546028137207,58.36725997924805
-26.84769058227539,6.199216842651367,6.232192039489746,7.861960411071777
187.31024169921875,78.96636962890625,22.52760887145996,97.21051025390624
-86.9909896850586,6.665337562561035,17.834945678710938,15.366198539733887
216.41671752929688,26.435155868530273,11.62155532836914,61.5892219543457
393.12158203125,138.84664916992188,42.19813537597656,95.7766571044922
-92.7299575805664,4.2647199630737305,20.51310539245605,-2.475147485733032
391.83740234375,52.635047912597656,21.774465560913086,88.86112213134766
343.23809814453125,99.98633575439452,31.64623641967773,58.30793762207031
286.4620056152344,122.23069763183594,34.78058624267578,130.33030700683594
-89.4875717163086,4.175747871398927,18.7209415435791,-0.3347812592983246
191.9662322998047,27.02071762084961,11.850799560546875,83.62811279296875
-2.7552762031555176,-1.8324884176254272,0.06666911393404007,28.97447967529297
234.26068115234372,96.09033966064452,27.81770896911621,90.21029663085938
215.37327575683597,33.72902297973633,12.89254379272461,38.59473037719727
270.74725341796875,44.30354690551758,16.628618240356445,43.76396942138672
265.4356689453125,86.87066650390625,25.784626007080078,104.03887939453124
159.12940979003906,18.345378875732425,8.382463455200195,39.091087341308594
-174.0272979736328,-0.3966532647609711,33.83295440673828,-1.592440485954285
-164.5780029296875,16.04250144958496,35.9820442199707,6.770364284515381
-70.00279235839844,3.0363194942474365,15.49008846282959,-1.756673812866211
-1.5504704713821411,40.62057113647461,13.183060646057127,30.27869033813477
-66.27272033691406,-0.10458005964756012,13.104422569274902,21.218292236328125
299.9164123535156,54.11229705810547,19.552770614624023,50.23910140991211
-236.7526092529297,3.8112754821777344,49.28684616088867,-6.8663368225097665
195.52706909179688,34.7918701171875,12.24272632598877,11.926681518554688
34.338058471679695,16.686002731323242,5.359527111053467,24.035015106201172
211.2997589111328,52.09947204589844,17.23548698425293,11.289834976196287
-68.00702667236328,-0.2089381217956543,13.459738731384276,6.3968682289123535
389.0890808105469,96.09285736083984,31.52968597412109,65.47433471679689
268.9429931640625,121.05164337158205,34.24179458618164,139.46257019042972
-104.1580810546875,34.458969116210945,26.166980743408203,83.7376480102539
313.66485595703125,47.626686096191406,17.327093124389652,13.00057888031006
170.6943359375,65.43605804443361,20.40338134765625,24.25926971435547
284.1871032714844,72.96141052246094,23.299448013305664,98.51531219482422
-48.77500534057617,11.623133659362793,11.745835304260256,13.798047065734865
-70.8413314819336,15.815414428710938,18.800840377807614,12.973769187927244
-157.9007110595703,-0.8450369238853455,30.657018661499023,1.707724928855896
233.36227416992188,29.03939819335937,11.351231575012207,12.50739860534668
-106.4197006225586,51.33404922485352,31.67468452453613,76.10777282714844
-192.1590576171875,2.221909046173096,38.15851974487305,-3.622133731842041
171.48927307128906,33.33120346069336,12.399877548217773,81.49319458007812
223.20977783203125,67.61502838134766,20.5438289642334,74.12175750732422
-69.47171020507811,12.49449062347412,16.618810653686527,16.669120788574222
-140.0660400390625,0.9905949234962464,28.270061492919922,-3.2456455230712886
232.9815368652344,75.89669036865234,23.126638412475586,138.65321350097656
182.66827392578125,38.58366012573242,13.11586093902588,17.375865936279293
-134.25962829589844,17.532577514648438,29.466386795043945,27.08191680908203
373.13525390625,126.34485626220705,37.50373840332031,178.86654663085938
259.73886108398443,60.93185424804688,20.052141189575195,17.73891258239746
91.7033920288086,24.84380340576172,8.29243278503418,7.212205410003662
-56.4293327331543,11.13113784790039,16.608734130859375,-2.1011288166046143
-233.1588134765625,15.5398588180542,47.93168640136719,26.82574844360352
217.90066528320312,65.42145538330078,20.264057159423828,59.57398223876953
210.76995849609372,37.53713607788086,13.657272338867188,34.31879425048828
225.82481384277344,8.185057640075684,6.76027250289917,22.263813018798828
225.8936920166016,112.35054779052734,31.7642822265625,141.24598693847656
95.45026397705078,2.9905073642730717,2.625739574432373,15.212798118591307
-142.2631378173828,5.050250053405762,28.36593437194824,2.963191032409668
217.20040893554688,8.715954780578612,7.908669471740723,47.58461380004883
27.12069892883301,3.231120109558105,1.5835512876510618,15.266705513000488
155.503173828125,19.27105140686035,8.344971656799316,34.072921752929695
140.9859161376953,61.84428787231445,17.839523315429688,66.22225189208984
-181.8023223876953,1.5054950714111328,36.275577545166016,-3.260284423828125
-110.62395477294922,14.259509086608887,25.29708671569824,7.271670341491699
-71.24092864990234,0.461035281419754,13.823064804077148,2.702843189239502
323.7350158691406,140.29869079589844,39.89376449584961,194.9188690185547
288.8701171875,30.73270606994629,14.153353691101074,53.15864181518555
348.11846923828125,130.867919921875,37.75239944458008,152.15338134765625
635.4842529296875,231.1733703613281,66.92598724365234,264.34063720703125
290.5086669921875,64.2816162109375,21.332914352416992,18.865558624267575
-227.9073944091797,-1.5437569618225098,44.0940055847168,-2.015966415405273
-234.1215057373047,2.0943098068237305,45.762977600097656,-3.758566617965698
159.2237548828125,34.22208404541016,11.57617473602295,11.527956008911133
-182.9095458984375,2.3077311515808105,35.98335647583008,-2.632588148117065
189.5211181640625,39.367149353027344,13.362656593322756,12.475678443908693
216.10028076171875,49.5864143371582,16.45088768005371,21.50443458557129
208.3184814453125,10.05637264251709,7.937702178955077,49.00374221801758
-82.40803527832031,3.0261480808258057,16.47092628479004,0.5518401861190796
-190.5519256591797,5.86911153793335,37.82287979125977,51.64665222167969
104.7981414794922,6.396310806274414,3.9635398387908936,13.488728523254395
-245.8065490722656,-0.021220866590738297,47.82835388183594,-4.160247325897217
-176.91783142089844,13.76738452911377,38.48782348632813,-0.909012496471405
-4.384737491607666,12.717219352722168,4.788653373718262,2.6850430965423584
82.92310333251953,38.73644256591797,11.465780258178713,57.05044937133789
197.7036437988281,4.954422473907472,6.9005889892578125,48.42422866821289
366.1984252929688,78.60425567626953,26.75425148010254,68.52752685546875
183.9453582763672,61.09563446044922,18.134281158447266,66.60624694824219
135.44732666015622,23.50580596923828,8.35431957244873,12.690731048583984
-51.41543579101562,30.13035774230957,21.791810989379886,14.244332313537598
-59.64995193481445,-0.3353520631790161,11.89113998413086,12.108044624328613
195.73703002929688,30.781917572021484,11.103934288024902,7.336660861968994
-144.2137908935547,6.512747287750244,30.54152107238769,-2.770895481109619
297.9867248535156,55.359169006347656,20.06837272644043,96.59044647216795
-417.9671936035156,-0.4286834895610809,80.29300689697266,-6.607708930969237
-235.7997894287109,-0.1772742122411728,46.92584228515625,-5.274438381195068
200.07521057128903,24.995458602905273,10.037732124328613,19.357635498046875
275.95083618164057,130.30130004882812,36.81435012817383,151.3260040283203
184.86929321289062,36.47463989257813,12.681022644042967,35.66995620727539
287.86358642578125,89.87032318115234,27.129150390625,123.49363708496094
145.06776428222656,38.75978088378906,12.597492218017578,24.315338134765625
98.81346130371094,-0.2524050176143646,2.278503656387329,16.85201072692871
50.6113166809082,40.58692932128906,11.177568435668944,69.88681030273439
200.85009765625,96.4058074951172,27.51776885986328,101.60662841796876
-219.4887237548828,14.260255813598633,44.704097747802734,5.156810283660889
429.0831909179688,137.911376953125,41.93761444091797,120.9705047607422
-139.19694519042972,3.023099184036255,28.38894844055176,0.02429524064064026
65.66619873046875,49.08800506591797,14.516817092895508,39.380714416503906
-25.6822452545166,9.113480567932127,6.637564659118652,22.90969276428223
-334.8377990722656,-0.13087806105613708,66.98381042480469,-7.49114990234375
91.55498504638672,17.269969940185547,6.66749382019043,53.21190643310547
-4.4604830741882315,10.67300033569336,3.0523812770843506,22.011798858642575
56.29331588745117,38.39598083496094,11.65461540222168,17.614587783813477
283.3221740722656,30.828636169433594,13.118789672851562,30.90713119506836
263.13827514648443,90.92789459228516,27.091344833374023,133.99055480957028
-36.09399032592773,-0.9309913516044616,5.824504375457764,32.88494110107422
46.70486450195313,3.8249187469482417,2.0239090919494633,16.460872650146484
-118.97840881347656,25.061458587646484,29.97553825378418,18.275920867919922
-58.38075637817383,49.29901123046875,22.033390045166016,77.17265319824219
128.70433044433594,51.5480842590332,14.94980239868164,74.96946716308594
124.4836654663086,10.292356491088867,6.32177734375,51.42491912841797
98.3427505493164,76.94466400146484,21.6735954284668,108.83290100097656
-143.96690368652344,0.012299578636884691,28.57375526428223,-1.5140439271926882
-64.54972839355469,11.65182113647461,17.68440818786621,-0.6993245482444763
-87.34203338623047,1.405679702758789,18.750856399536133,-2.1690847873687744
-234.71060180664062,27.18681716918945,49.576438903808594,68.95587921142578
210.1266021728516,54.12337875366211,17.628061294555664,16.94535255432129
-22.91625213623047,4.3620948791503915,5.095963954925537,7.250330448150635
-118.43055725097656,28.030065536499023,28.491788864135746,56.00480651855469
160.43666076660156,39.85466766357422,12.797253608703613,45.34598159790039
272.61773681640625,41.320228576660156,15.26793098449707,21.57512092590332
-132.25804138183594,0.10513834655284883,26.73379325866699,-3.3263013362884517
-186.16477966308597,0.4225302040576935,37.26932907104492,-4.026755809783936
271.6956787109375,146.10617065429688,40.468238830566406,217.6074981689453
-85.27883911132812,-0.7971319556236267,16.286378860473633,8.511105537414549
-10.78010082244873,-0.539586067199707,2.1996960639953613,22.04017448425293
-144.827880859375,11.184064865112305,32.352283477783196,-1.6160200834274292
-138.54063415527344,27.574913024902344,32.76177978515625,47.32915878295898
281.77191162109375,31.03716468811035,13.385638236999512,37.98580551147461
229.85574340820312,61.089805603027344,19.76592445373535,40.6343994140625
232.66900634765625,86.32048797607422,25.28717994689941,86.14877319335938
-388.8758239746094,0.40018561482429504,77.21480560302734,-8.167654037475586
-63.435340881347656,4.682750701904297,13.000065803527832,47.474647521972656
282.90118408203125,87.50077819824219,26.576993942260746,125.71121215820312
413.522216796875,130.80599975585938,39.19224548339844,155.43792724609375
212.4144287109375,1.5878922939300537,7.118211269378662,70.06974792480469
368.4690856933594,149.81082153320312,43.01471710205078,151.29063415527344
173.5519561767578,71.0036392211914,20.62021827697754,72.3996353149414
-21.020288467407227,44.00648880004883,15.10726833343506,65.15180969238281
349.4132385253906,79.62623596191406,26.339391708374023,107.33109283447266
159.83419799804688,35.18646240234375,11.72004222869873,13.780436515808105
-24.373220443725586,7.068130493164063,7.352384090423584,-0.2373398095369339
493.0999755859375,169.54920959472656,49.72448348999024,196.9274139404297
347.902099609375,68.81564331054689,23.17719841003418,25.142078399658203
-86.49237060546875,49.370887756347656,26.89023208618164,79.6463623046875
-137.60282897949222,8.184330940246582,28.200061798095703,5.79701566696167
177.16920471191406,42.38471984863281,14.108505249023438,1.2897247076034546
136.71835327148438,46.2661361694336,15.093708992004395,10.48521327972412
-59.2134895324707,23.648113250732425,16.135820388793945,32.397289276123054
311.2947998046875,79.27120208740234,25.708539962768555,63.540687561035156
310.78704833984375,15.568573951721193,11.71371078491211,67.83499145507811
400.7218627929688,80.35480499267578,27.692800521850586,53.14662551879883
242.7686767578125,64.52922821044922,20.54212951660156,60.7794418334961
201.38299560546875,88.13862609863281,25.27277565002441,89.4434585571289
-78.83248901367188,-0.3430307805538177,15.623929977416992,2.090487003326416
-217.2422637939453,-1.2482773065567017,42.07294464111328,-4.226947784423828
278.16775512695307,82.47936248779297,25.3669548034668,79.86590576171875
-122.2559814453125,-0.5772075057029724,24.23354530334473,-1.0195988416671753
186.24159240722656,21.45297241210937,10.307331085205078,69.46321868896484
-215.98863220214844,-1.2913671731948853,42.117958068847656,-0.8549685478210449
-250.9969482421875,7.907308578491211,49.90045547485352,-2.2280821800231934
-116.02601623535156,2.7012693881988525,24.35530662536621,-2.9967103004455566
293.27496337890625,55.10675430297852,18.9512882232666,20.73081398010254
-70.4726791381836,2.412350416183472,15.246031761169435,-1.6014757156372068
232.7827911376953,26.21035385131836,11.7032470703125,35.69800567626953
137.41973876953122,24.695520401000977,8.736016273498535,8.123605728149414
289.9202880859375,75.68182373046875,24.17824363708496,114.48345947265624
-25.85273551940918,-1.6696783304214478,4.728362083435059,24.19538688659668
-204.107666015625,-1.3586422204971311,39.83011245727539,4.818544864654541
286.4305419921875,98.258056640625,29.00199317932129,101.69950103759766
-5.010255336761475,-0.28177621960639954,0.9975764751434326,18.261363983154297
161.01834106445312,12.069343566894533,6.104353427886963,14.832228660583494
125.54637145996094,38.29245376586914,11.991204261779785,22.83188247680664
261.5458984375,30.80985450744629,13.731119155883787,59.20177459716797
183.3076477050781,30.474876403808594,10.921967506408693,7.8285231590271
179.84707641601562,10.932043075561523,8.013511657714844,63.02588272094727
222.3238983154297,49.6046028137207,16.488821029663086,16.660797119140625
-84.68081665039062,7.7153072357177725,17.118213653564453,30.620126724243164
-129.8289794921875,-0.9280321002006532,25.4127140045166,-0.9723065495491028
122.69344329833984,9.669197082519533,5.3466339111328125,19.65122985839844
-29.68563842773437,3.764211893081665,6.654139995574951,5.433569431304932
192.2816467285156,67.11875152587889,19.83328437805176,65.12015533447266
-81.7514877319336,8.324800491333008,18.798917770385746,-0.756962239742279
-105.14531707763672,18.327709197998047,23.616167068481445,49.17111587524414
116.75313568115234,17.373498916625973,6.489216327667236,9.22424030303955
238.47726440429688,96.44612884521484,27.51783943176269,116.444091796875
-11.765673637390135,3.4991378784179688,2.9784226417541504,16.852649688720707
-169.53086853027344,19.013059616088867,38.77528381347656,4.2751450538635245
-160.4816131591797,-0.17970380187034607,32.463302612304695,-2.975082874298096
235.02313232421875,23.52082061767578,12.399125099182127,82.51683044433594
224.61065673828125,51.74742126464844,17.01577377319336,58.40131378173828
66.19016265869139,53.08489990234375,15.11161994934082,80.11952209472656
-100.34870910644531,7.263741970062256,21.683368682861328,-0.7080923914909363
-6.766755104064941,13.61876392364502,5.624444007873535,13.241812705993652
153.4769287109375,43.071632385253906,14.064220428466795,11.72056484222412
-22.336294174194336,38.46797180175781,13.355464935302734,73.37034606933594
-128.65826416015622,59.70353317260742,37.28761672973633,96.57508087158205
-61.7995719909668,24.15557861328125,17.029485702514652,29.03479385375977
158.80039978027344,68.14972686767578,19.4188289642334,77.31144714355469
-33.183422088623054,28.53772735595703,12.972856521606445,53.03782653808594
161.8140869140625,46.817420959472656,14.90531063079834,30.924701690673828
-201.5109100341797,-0.9094249606132508,38.7476806640625,16.755767822265625
142.1482391357422,41.62485885620117,13.31797695159912,86.01042175292969
103.43588256835938,60.08074188232422,17.627208709716797,40.60192489624024
37.29602813720703,16.249975204467773,5.556711196899414,15.63835906982422
14.213678359985352,13.84037971496582,4.1763830184936515,48.260658264160156
-14.649040222167967,20.675952911376953,7.243117809295653,80.05986022949219
-11.784242630004885,15.40275764465332,5.3253374099731445,21.506406784057614
293.8917236328125,130.50804138183594,36.9601936340332,150.8744659423828
228.17758178710938,56.20672607421875,18.574264526367188,38.69089126586914
136.21339416503906,23.0662841796875,8.360919952392576,39.2781982421875
363.36181640625,120.5902099609375,37.38032913208008,69.87899780273439
-77.31359100341797,6.528517246246338,16.020200729370114,1.3628329038619995
-37.43060302734375,20.19579124450684,12.952496528625488,22.40618896484375
-130.38340759277344,-0.3967552185058594,25.53635406494141,1.061179518699646
216.1569366455078,4.49542236328125,8.284708976745605,87.67878723144531
-46.06950759887695,-0.02723359130322933,9.13583755493164,22.42046546936035
280.13818359375,119.50276184082031,33.966651916503906,165.978271484375
141.74981689453125,31.806509017944336,10.701108932495117,13.301294326782227
275.6988525390625,112.39788055419922,31.993566513061523,130.04704284667972
-192.6500396728516,6.029847145080566,41.31487274169922,-5.735069751739503
296.2321472167969,67.51762390136719,23.043930053710934,127.88821411132812
255.68804931640625,74.78949737548828,23.65572166442871,38.11105346679688
-9.807127952575684,7.012599468231201,3.422498941421509,7.1408653259277335
273.718505859375,68.51629638671875,22.367502212524414,38.45936965942383
278.51513671875,19.373125076293945,12.511375427246096,79.16636657714844
35.444793701171875,14.603888511657715,4.62108325958252,5.886668682098389
-25.610595703125,46.60450744628906,16.641738891601562,68.40689086914061
106.70731353759766,-0.057469625025987625,2.4583098888397217,20.43728446960449
-71.3971176147461,13.02863597869873,18.887670516967773,3.347136974334717
-85.36260986328125,17.626550674438477,20.869186401367188,15.465888023376465
-258.13864135742193,-0.8447102904319763,50.28442764282226,1.2422794103622437
191.65582275390625,34.76251220703125,12.260563850402832,5.407713413238525
12.760891914367676,27.707237243652344,8.719078063964844,19.493947982788086
-60.53635787963867,2.9366278648376465,12.382790565490724,1.6663473844528198
-127.18707275390624,0.4032359421253204,25.62004280090332,-2.9543099403381348
129.69496154785156,48.55162048339844,14.338200569152832,65.53762054443361
115.71636962890624,20.016651153564453,6.777756690979004,3.976859569549561
-40.97140502929688,5.981711864471436,10.151286125183104,-0.5043923854827881
288.27056884765625,36.34486389160156,14.518296241760256,27.90239334106445
168.56146240234375,1.6052289009094238,4.9931182861328125,32.73529052734375
-175.8855743408203,0.6813345551490784,35.565921783447266,-4.289523124694823
-54.85609817504883,62.32189178466797,27.05512809753418,87.46406555175781
135.63227844238278,4.640565872192383,4.4466938972473145,18.855592727661133
166.02923583984375,68.09987640380861,19.560930252075195,127.89564514160156
-155.8202362060547,20.40639877319336,34.06290435791016,50.68046569824219
-266.68734741210943,-0.20131902396678925,51.60639953613281,-4.173541069030762
112.89397430419922,-0.11902304738759995,3.420457601547241,36.76842498779297
169.816650390625,39.92013931274414,13.285592079162598,8.995492935180664
-87.39373016357422,6.243753910064697,18.367414474487305,24.22825050354004
279.48468017578125,100.57967376708984,29.66970443725586,143.37632751464844
110.54092407226562,75.4141616821289,20.435789108276367,133.31150817871094
-187.9887542724609,-1.1748439073562622,36.461402893066406,-2.1325912475585938
-79.17671966552734,0.7025063633918762,16.255107879638672,-1.261626124382019
187.6717529296875,96.14575958251952,26.97234916687012,135.60073852539062
-278.9100952148437,0.1522407978773117,55.49895095825195,-5.966590404510497
-67.56147766113281,26.870664596557614,18.502593994140625,52.27759170532226
-17.560035705566403,40.949798583984375,17.537363052368164,35.142833709716804
249.1595764160156,60.6401481628418,20.06955909729004,38.72943115234375
-139.60354614257812,-0.993760108947754,26.98800468444824,21.14226722717285
-97.30332946777344,3.8750302791595463,19.78240776062012,0.5844372510910034
171.53729248046875,18.131099700927734,7.802932262420653,15.086081504821776
-231.4658966064453,1.741343975067139,46.81095504760742,-5.3421406745910645
-130.74769592285156,24.00302505493164,29.349443435668945,50.4916877746582
117.5097198486328,5.5870041847229,3.9813230037689213,14.84111499786377
182.18516540527344,76.38032531738281,21.74056625366211,87.23116302490234
-53.82327270507813,5.582127094268799,11.98965835571289,3.3950233459472656
-174.0538330078125,6.694348335266112,35.32234191894531,-1.4342234134674072
135.624755859375,30.401721954345703,10.714648246765137,60.19905090332031
393.388671875,93.02619171142578,30.409896850585934,113.77179718017578
211.8052673339844,14.20266056060791,10.366093635559082,110.23573303222656
-103.76285552978516,0.8334937691688538,21.655447006225586,-2.7285916805267334
-102.56974029541016,17.736679077148438,23.38607215881348,46.24369812011719
109.16321563720705,23.392637252807614,7.403754234313965,21.14926528930664
214.06536865234372,12.028319358825685,9.123611450195312,61.73895645141602
279.26422119140625,73.181640625,23.84214782714844,42.10541915893555
-87.07148742675781,15.125590324401855,19.430561065673828,27.21818542480469
275.79623413085943,17.50069808959961,9.708154678344727,29.255258560180664
240.2188720703125,14.496464729309082,10.730311393737793,81.80050659179688
92.70533752441406,44.20325469970703,13.123357772827148,29.69495391845703
173.93637084960938,69.82794952392578,20.39586639404297,62.82899856567383
-7.6163368225097665,27.467708587646484,8.245376586914062,42.549110412597656
-82.92431640625,0.3599822819232941,16.227590560913086,39.52749633789063
348.989990234375,144.10308837890625,41.90815734863281,129.29824829101562
128.65969848632812,22.86041259765625,8.02025032043457,6.844510078430176
-109.0637435913086,4.200348854064941,23.703548431396484,-2.867258787155152
-253.0152587890625,-0.5341906547546387,50.21216201782226,-2.93980073928833
238.03472900390625,65.01286315917969,20.822837829589844,119.62965393066406
99.8976821899414,13.040499687194824,4.906919956207275,13.213090896606445
278.09765625,137.70675659179688,38.12612915039063,216.999267578125
194.98106384277344,109.580078125,30.935810089111328,144.80859375
123.08475494384766,19.46917152404785,6.901224613189697,13.181785583496096
304.809814453125,78.26966857910156,25.080730438232425,116.3375015258789
-436.9195251464844,0.3909998238086701,86.26184844970703,-8.665560722351074
175.72052001953125,35.04018402099609,12.062585830688475,16.89059829711914
-42.56486129760742,3.0680751800537114,9.454009056091307,0.3128737509250641
-139.08589172363278,-0.33526548743247986,27.63260841369629,-1.4345647096633911
282.2386169433594,58.55295944213867,20.265117645263672,44.623939514160156
205.43121337890625,79.20797729492188,22.700237274169922,87.28050231933594
-60.92264938354492,4.66404914855957,13.74084758758545,-1.2128647565841677
45.78002166748047,14.03347110748291,4.6541619300842285,5.559997081756592
-184.3257293701172,3.8043174743652335,38.14959716796875,-4.535200595855713
-281.5476989746094,10.125446319580078,56.68695068359375,-2.9836406707763667
-126.9235382080078,-0.10983628034591676,25.685190200805664,-3.1021547317504883
-33.21720504760742,-1.125006914138794,6.139238357543945,25.10951995849609
163.90493774414062,67.39422607421875,19.33949279785156,70.03819274902344
-209.0485076904297,-0.7816616892814636,40.801170349121094,-4.185961723327637
389.6217651367188,91.17005157470705,29.78065299987793,104.89144134521484
158.07879638671875,42.728187561035156,13.44251537322998,54.40496063232422
283.82489013671875,55.983177185058594,19.57462310791016,77.44291687011719
58.781593322753906,12.454800605773926,4.17974328994751,10.880531311035156
115.9482192993164,8.268046379089355,4.523636341094972,14.56935214996338
-134.46641540527344,5.403637886047363,29.45210075378418,-3.9503688812255864
-8.928370475769043,18.26514434814453,8.190159797668457,0.14123955368995667
-314.3918151855469,8.784226417541504,62.41626739501953,-3.834006547927856
-46.33557891845703,11.717733383178713,14.225407600402832,-1.6037946939468384
169.84902954101562,64.18363189697266,19.123056411743164,52.47776794433594
154.07815551757812,41.42948913574219,13.130385398864744,43.29068374633789
-146.7311248779297,18.944780349731445,32.559951782226555,16.654312133789062
203.10226440429688,50.08228302001953,16.290634155273438,17.571418762207028
-256.03860473632807,0.2395534962415695,50.224082946777344,-2.852927923202514
186.04360961914062,48.145423889160156,15.632298469543455,16.64182472229004
170.70233154296875,42.48793029785156,13.640175819396973,47.354393005371094
-50.04695510864258,14.546072959899902,16.985404968261722,-1.9660141468048096
-29.08660316467285,17.720165252685547,11.3347806930542,7.139262676239014
-233.1381072998047,21.814706802368164,49.279579162597656,48.94969177246094
-118.1009750366211,-0.36616769433021545,23.23949241638184,6.5164856910705575
301.91119384765625,111.37334442138672,32.81900787353516,99.00961303710938
93.47049713134766,7.600539207458496,4.067281723022462,13.093029022216795
-52.140968322753906,19.49015617370605,15.706550598144533,16.437627792358402
-101.18775939941406,0.9750333428382874,20.68846702575684,-2.180605411529541
-21.165695190429688,39.52799606323242,15.64055633544922,39.7598991394043
-169.59365844726562,-0.4897213578224182,33.17230987548828,-3.2067832946777344
184.66622924804688,20.66450500488281,8.299356460571289,5.710635662078857
146.56715393066406,33.367172241210945,10.876651763916016,13.26152801513672
-204.43695068359372,6.742192268371582,40.88156509399414,-0.9557251930236816
370.547119140625,129.43841552734378,37.9580307006836,139.44071960449222
334.3052978515625,51.799720764160156,19.634395599365234,47.00341415405274
-169.83590698242188,1.6341986656188965,33.44442749023437,-1.893067955970764
-90.70755767822266,30.33754539489746,26.64076805114746,25.66142272949219
5.9738101959228525,10.288444519042967,2.9578120708465576,7.1447715759277335
-192.4233245849609,1.376523494720459,38.65888977050781,-4.059915065765382
-13.900796890258787,46.726280212402344,14.766271591186525,70.99234008789062
-310.7496337890625,1.6240358352661133,61.9676513671875,-6.4525389671325675
176.17507934570312,63.67206573486328,18.945560455322266,53.90104293823242
-76.68862915039062,4.236636161804198,17.166498184204098,-1.975923776626587
-137.77909851074222,1.933701753616333,28.4518985748291,-3.800305604934693
-168.62486267089844,1.2271885871887207,34.37274169921875,-4.378456115722656
-356.1852722167969,-0.8038070797920227,70.29459381103516,-8.423686027526855
168.41143798828125,32.227279663085945,11.19430446624756,3.9683823585510254
-284.2618103027344,-0.7063350677490234,55.11779022216797,-3.7176494598388667
115.01831817626952,36.29532241821289,11.522944450378418,59.57456588745117
-172.5585479736328,-0.69951993227005,33.76657485961914,-2.9634091854095463
206.61729431152344,1.3649673461914062,6.501254081726074,52.54626083374024
122.94901275634766,20.10194396972656,7.240452766418457,7.8820414543151855
320.0546875,101.677490234375,30.930177688598636,88.01365661621094
111.84636688232422,8.894556045532227,4.652291297912598,21.9348087310791
170.18609619140625,54.28553009033203,16.619470596313473,83.9034423828125
199.0184783935547,27.945634841918945,10.836618423461914,28.41555595397949
-69.84858703613281,17.982458114624023,18.68745994567871,11.413050651550293
-4.780039310455322,58.31621551513672,17.285879135131836,79.06749725341797
-12.425676345825195,11.433507919311525,3.853020429611206,29.31720733642578
116.98635864257812,42.20944595336914,12.693045616149902,64.50883483886719
217.8606719970703,91.53429412841795,26.03028678894043,107.87290954589844
282.27362060546875,95.0271987915039,28.10785484313965,110.81389617919922
-48.6776008605957,40.53559494018555,19.378068923950195,57.61274719238281
249.96713256835938,91.68895721435548,27.1486873626709,85.44657897949219
456.3529052734375,160.44139099121094,46.94058609008789,173.20559692382812
213.54222106933597,38.55134582519531,13.583704948425293,7.0935540199279785
-0.6903576254844666,40.8914909362793,11.139575958251953,60.90542984008789
307.57354736328125,137.03053283691406,38.74051284790039,157.37216186523438
-50.76305389404297,9.90480136871338,14.558180809020994,-0.8965973854064941
204.2886962890625,76.31267547607422,22.32493019104004,73.466064453125
438.03692626953125,71.50987243652344,26.79095268249512,79.67333984375
222.98683166503903,26.98398017883301,10.715726852416992,12.889768600463867
199.4863586425781,47.32217788696289,15.467634201049805,61.63618469238281
370.21417236328125,62.50370788574219,24.452735900878906,171.98561096191406
-31.92226219177246,17.576444625854492,13.150761604309082,-0.9794053435325624
-357.9662780761719,-0.003077498869970441,70.54630279541016,-6.774013042449951
148.32171630859375,49.552001953125,15.15317440032959,38.34392929077149
411.63323974609375,94.36927032470705,31.01455497741699,105.91207885742188
200.43760681152344,55.1891098022461,17.566734313964847,101.32649993896484
378.00567626953125,43.594383239746094,19.11832046508789,61.25114059448242
-250.18089294433597,-0.14400261640548706,49.84870529174805,-6.0074119567871085
-229.07009887695312,5.007447242736816,48.122840881347656,-6.234611034393311
-62.630592346191406,6.972150802612305,14.012666702270508,2.766291379928589
-186.47946166992188,7.52138614654541,37.28196716308594,-0.6154408454895021
173.3792724609375,75.75325012207031,21.63819694519043,125.0853500366211
240.3186492919922,55.56354141235352,18.316457748413086,61.8214340209961
-104.83821105957031,26.38188552856445,26.47313690185547,32.48476791381836
274.89376831054693,91.83521270751952,27.13294219970703,114.45062255859376
133.29258728027344,35.32269287109375,11.403663635253904,17.854354858398438
457.5794677734375,151.54116821289062,45.652198791503906,132.0870361328125
204.8992462158203,32.22576904296875,12.26903247833252,39.32475280761719
-32.386837005615234,9.359859466552734,7.887477397918701,13.320173263549805
112.43402862548828,34.418182373046875,10.901287078857422,49.8546142578125
-110.1279067993164,-0.0874108299612999,21.84173583984375,-1.6539182662963867
224.9976806640625,17.317695617675778,10.36749267578125,66.32185363769531
273.797607421875,107.8666000366211,31.79041862487793,92.12935638427734
150.23779296875,56.68030548095703,16.74538803100586,48.04587936401367
-53.02822494506836,47.44101333618164,20.401540756225586,96.4695053100586
-71.58565521240234,15.3297119140625,17.963956832885742,9.59188461303711
234.8394470214844,58.07204055786133,19.093820571899414,113.80299377441406
166.16311645507812,67.98183441162111,19.40209007263184,76.23060607910156
175.98153686523438,45.58638000488281,14.65632152557373,45.60951232910156
390.2835388183594,185.00064086914062,53.35840606689453,169.7616424560547
-73.85795593261719,0.009306948632001877,14.661005973815918,0.4890307486057282
-163.58251953125,-0.3220619261264801,31.91034507751465,0.5679391622543335
142.2956085205078,24.56721496582031,9.504338264465332,57.561439514160156
20.700220108032227,-2.7432069778442383,-0.09253859519958496,48.5379638671875
-108.6373291015625,1.797208309173584,22.37557411193848,-2.527902364730835
-115.1799545288086,-0.3091609477996826,22.60658073425293,20.30211067199707
-60.84867477416992,-1.2219847440719604,11.313963890075685,20.342161178588867
130.17010498046878,76.18083190917969,21.924293518066406,87.75788879394531
190.924560546875,44.44892883300781,14.693462371826172,58.69623184204102
231.47955322265625,59.4681510925293,19.200780868530273,55.02278137207031
-239.3370361328125,-0.13047923147678375,47.343467712402344,-5.335785388946533
-164.93511962890625,3.0848882198333736,32.189666748046875,1.9172080755233765
117.4972152709961,6.0954036712646475,4.161964416503906,14.818902969360352
152.66940307617188,27.17083740234375,9.542227745056152,15.959794044494627
206.91629028320312,61.88214492797852,18.876283645629886,77.8031005859375
183.265625,43.78840255737305,14.630181312561035,31.58847045898437
186.55294799804688,45.00987243652344,14.7918119430542,67.89468383789061
184.9796905517578,34.023521423339844,12.263888359069824,31.92715835571289
-172.94505310058594,-0.13080959022045135,34.480247497558594,-3.8218364715576167
350.9936828613281,167.21487426757812,47.191123962402344,197.55191040039062
159.47808837890625,53.75054168701172,16.125432968139652,48.07800674438477
333.9605712890625,80.86905670166016,26.699750900268555,62.8046989440918
-14.77484130859375,36.50569915771485,10.554662704467773,87.04146575927734
-168.2787322998047,5.640782356262207,34.58193206787109,-2.251609563827514
-7.768729686737059,5.4957547187805185,2.8847332000732417,38.71255493164063
188.86669921875,51.5794563293457,16.161920547485348,60.44515228271485
194.2142333984375,57.181434631347656,18.1008243560791,37.22636032104492
176.46925354003906,41.78859329223633,13.719477653503418,15.378173828125
-104.89656066894531,31.138877868652344,29.312213897705078,24.73782157897949
-102.48580169677734,1.3792276382446291,21.384611129760746,-2.0845022201538086
383.3909912109375,93.3324203491211,30.154970169067386,118.93518829345705
202.8424835205078,87.4209213256836,25.46871566772461,78.85060119628906
16.306602478027347,-0.5331546068191528,0.73415207862854,21.44129943847656
-189.4790954589844,-0.1895836740732193,37.956504821777344,-2.73360276222229
-193.5220947265625,1.546214580535889,38.03796005249024,-1.669399619102478
-53.65679931640625,9.298320770263672,12.928614616394045,6.220550060272218
41.01123428344727,41.13154983520508,11.172829627990724,67.57377624511719
315.80596923828125,51.172096252441406,19.11891746520996,44.13801193237305
-42.47806930541992,11.985410690307615,13.16005039215088,-0.8675058484077454
-227.4087677001953,5.386331558227539,45.30950164794922,-2.313940048217773
412.8788146972656,121.65898895263672,38.41444396972656,52.81815719604492
-30.479589462280273,13.61530303955078,11.86336612701416,-0.5519502758979797
311.4987487792969,39.92784118652344,17.313671112060547,93.92317962646484
-139.69694519042972,21.944040298461914,31.72939300537109,27.80898475646973
-280.52780151367193,0.07386307418346405,56.52086639404297,-6.894530773162843
406.121826171875,36.46470260620117,18.66611099243164,82.59687805175781
265.09298706054693,21.15293884277344,10.747879028320312,41.269290924072266
274.57272338867193,74.99803161621094,23.90292549133301,59.29864120483398
187.20101928710938,53.98634338378906,16.606931686401367,65.07614135742189
-84.31401062011719,1.2432713508605957,17.27999496459961,-1.22058367729187
419.1241149902344,99.09434509277344,32.516151428222656,97.51419830322266
178.4918212890625,51.94096374511719,16.425289154052734,20.602277755737305
45.7094612121582,46.58639526367188,14.46758270263672,15.56304931640625
282.243408203125,92.42996215820312,28.664539337158203,59.37678527832031
-60.35331344604492,6.496946811676025,13.131355285644533,3.0002248287200928
44.46931457519531,27.86383438110352,8.003120422363281,61.96848678588867
-237.9004211425781,5.638791084289551,47.03556823730469,-2.8156299591064453
-11.475006103515625,54.14251708984375,15.744535446166992,73.28015899658203
229.0875396728516,55.0096549987793,17.8541202545166,61.06209182739258
143.36021423339844,27.165557861328125,9.20332145690918,11.722933769226074
255.11572265625,62.54082489013672,20.47364616394043,38.472904205322266
-16.886009216308597,2.096354722976685,3.3152451515197754,11.620692253112793
-39.78487777709961,18.255577087402344,12.63724422454834,22.72625732421875
-163.65447998046875,40.55283737182617,39.80712127685547,62.25262451171875
204.9034423828125,60.96772003173828,19.297494888305664,22.51457405090332
153.69175720214844,-1.2601299285888672,2.8657920360565186,28.212779998779297
-45.27345657348633,15.666375160217285,11.144400596618652,93.35152435302734
430.7705383300781,59.5706787109375,23.67815399169922,59.17492294311523
-0.015264195390045645,1.6058127880096436,1.5524593591690063,17.82609748840332
93.0755615234375,19.70900154113769,6.573770999908447,2.877589225769043
-150.93321228027344,2.0449151992797847,31.39553451538086,-4.390370845794679
-24.78285789489746,6.05123233795166,7.222598075866699,0.06532493233680725
-68.9139404296875,19.382463455200195,17.793901443481445,25.4730281829834
276.3831787109375,74.36356353759766,23.542217254638672,111.13170623779295
377.3128662109375,49.73158264160156,19.158069610595703,27.87854194641113
-121.01314544677734,51.24149703979492,34.803001403808594,71.26687622070312
-288.427490234375,-1.887797236442566,55.45724868774414,-0.8971167802810669
-98.25377655029295,2.216007709503174,20.52894401550293,-2.364215135574341
-185.6280975341797,20.019847869873047,39.96116638183594,20.224849700927734
-148.15391540527344,28.28196907043457,34.701988220214844,31.24900054931641
278.1043701171875,71.86067199707031,22.76466941833496,86.56340789794922
147.875244140625,37.66376876831055,12.399405479431152,4.065443515777588
-179.1396026611328,0.16137747466564178,35.67388916015625,-3.89941143989563
267.96197509765625,10.847439765930176,9.686368942260742,56.20122909545898
335.38720703125,45.999412536621094,18.68410873413086,68.99969482421875
359.0523986816406,129.07270812988278,37.5244026184082,151.20408630371094
-31.02484130859375,-0.4674542546272278,5.839000225067139,15.3284273147583
111.0262222290039,11.821700096130373,4.673452854156494,8.328330039978027
201.72238159179688,61.09341812133789,19.104623794555664,114.50637817382812
-220.00914001464844,25.0128231048584,48.80978775024414,15.210626602172852
206.57781982421875,6.1648712158203125,6.3916497230529785,30.163923263549805
-109.4426498413086,0.841487467288971,22.17078971862793,-2.088778018951416
70.33314514160156,68.98088836669922,19.104326248168945,106.28753662109376
-156.21726989746094,41.79915618896485,39.39218521118164,57.59373474121094
143.24880981445312,21.287052154541016,8.589462280273438,46.83010864257813
-97.71882629394531,4.0397377014160165,21.4544734954834,-2.9048240184783936
-178.5617218017578,16.402042388916016,38.23051452636719,7.8775634765625
-139.75927734375,19.28738784790039,30.500577926635746,63.54179382324219
-174.0884552001953,10.627208709716797,37.624267578125,-2.4140393733978267
211.49349975585938,9.979750633239746,7.180923938751222,31.19449806213379
303.7028503417969,120.79004669189452,34.862537384033196,196.2111358642578
58.15751647949219,7.568342208862305,4.8007469177246085,68.89167785644531
202.03575134277344,37.93352508544922,13.138577461242676,15.516427993774414
-198.86419677734372,4.338451385498047,39.732994079589844,-2.3077285289764404
99.62067413330078,2.117215871810913,3.9909267425537114,39.32411575317383
-156.14112854003906,-0.6673058867454529,30.626205444335934,-0.4792751371860504
-69.60144805908203,6.7878522872924805,16.789560317993164,-1.9129095077514648
132.7718505859375,78.94742584228516,22.92494964599609,82.09437561035156
-256.87625122070307,14.52935028076172,51.71405792236328,4.765406131744385
-332.6505432128906,13.58798885345459,66.29888916015625,15.11933422088623
239.04708862304688,54.57907104492188,18.60116195678711,122.75029754638672
-209.7929534912109,-0.3249022662639618,40.9405517578125,-2.943076610565185
-113.1423110961914,-0.7830222845077515,21.89646339416504,19.70375633239746
129.45074462890622,58.021263122558594,19.22291374206543,10.27216339111328
101.0713119506836,19.77656364440918,6.52396297454834,7.425065517425537
291.110595703125,134.91567993164062,38.32129287719727,143.1835174560547
15.713190078735352,39.72401809692383,10.757800102233887,75.11062622070312
172.25955200195312,15.503695487976074,6.9339985847473145,16.311847686767578
84.68687438964844,11.52085781097412,4.185828685760498,5.419011116027832
104.5425262451172,40.331520080566406,11.818045616149902,55.63555526733398
-137.46490478515622,1.6333160400390625,27.96213150024414,-3.2642192840576167
73.86690521240234,8.663114547729492,4.250032901763916,19.3652286529541
-54.39238357543945,3.995474576950073,11.436863899230955,0.6386216878890991
242.54632568359372,92.13589477539062,26.94221115112305,167.98822021484375
263.6732177734375,55.86340713500977,19.788759231567386,124.90068817138672
-345.5737609863281,-0.2887685894966125,66.53833770751953,-4.973002910614014
-52.17684936523438,21.295305252075195,13.991183280944824,51.27579879760742
143.0654296875,21.704008102416992,7.695209503173827,14.15951919555664
-17.47821044921875,1.3302409648895264,3.7656981945037837,12.822333335876465
-29.642963409423828,9.540237426757812,9.524679183959961,-0.3013012111186981
-4.047929286956787,9.105990409851074,3.305100440979004,20.478069305419922
232.6268310546875,97.37891387939452,28.05788993835449,99.56697082519531
-143.2156219482422,-0.7315253019332886,27.76181983947754,-1.801926016807556
-310.1357421875,1.1724300384521484,60.497962951660156,-5.096808433532715
160.70904541015625,41.51823043823242,13.88935661315918,108.80955505371094
176.45513916015625,56.78221130371094,17.144662857055664,72.5086669921875
-115.5112075805664,-0.6044684052467346,22.50777816772461,4.9046058654785165
-41.63391494750977,4.938695907592773,9.907002449035645,-0.3990629017353058
139.74050903320312,8.315495491027832,4.888163089752197,14.178302764892578
-28.487045288085934,4.558572769165039,6.705822467803955,3.1217257976531982
137.50408935546878,45.03156280517578,14.594449043273926,6.363585472106934
-104.69576263427734,9.825018882751463,23.06276893615723,9.954967498779297
-180.39503479003903,6.444500923156737,39.25645065307617,-5.625590801239014
-14.08861255645752,40.352535247802734,12.529447555541992,59.91004180908203
7.729588985443115,41.88265609741211,11.858036994934082,101.51774597167969
-111.725830078125,-0.05137638375163078,22.172197341918945,-1.1446183919906616
245.28515625,20.89885139465332,12.202251434326172,92.73641967773438
186.8998107910156,12.439257621765135,8.370874404907228,57.85155487060547
52.97431182861328,57.058387756347656,16.050050735473633,87.99249267578125
-141.22935485839844,15.506592750549315,31.71440124511719,5.783556938171388
292.0421447753906,24.229536056518555,12.7344388961792,46.723228454589844
162.56289672851562,12.568671226501465,6.334642887115479,16.394411087036133
-48.023780822753906,6.953941822052003,11.953478813171387,-0.8971843123435974
-24.97170829772949,49.791587829589844,16.66147232055664,136.54490661621094
347.96136474609375,80.82137298583984,26.7490348815918,44.62900924682617
137.55682373046878,93.82170104980469,25.877559661865234,167.53599548339844
-81.01897430419922,0.9941383004188538,15.954553604125975,12.34041690826416
-63.10966873168945,3.8493826389312735,14.541841506958008,-1.5839009284973145
-94.1777572631836,21.381149291992188,24.33762550354004,16.73663330078125
83.8111801147461,41.802642822265625,12.169922828674315,43.19694519042969
250.24362182617188,46.711631774902344,16.666536331176758,43.707313537597656
-83.29496002197266,14.065573692321776,19.085309982299805,29.99866104125977
116.95992279052734,1.0442584753036501,2.6776914596557617,14.681321144104006
-155.4069061279297,0.7876263260841371,31.459630966186523,-3.9232578277587886
298.2586975097656,100.80365753173828,29.70123672485352,120.9940185546875
309.2755126953125,1.978771686553955,7.632430553436278,39.90464782714844
210.3710784912109,6.959607601165772,7.684575080871582,53.44889831542969
396.727294921875,132.48837280273438,39.19083786010742,165.19970703125
-301.8263854980469,2.3959980010986333,61.08464431762695,-6.9686851501464835
-65.34745025634766,1.180244207382202,12.773921012878418,7.66827392578125
160.5177001953125,82.8426742553711,23.06257438659668,129.10633850097656
276.21612548828125,100.1308364868164,29.11195182800293,107.94607543945312
-77.67132568359375,7.852327823638916,16.379020690917972,11.774277687072756
383.762451171875,75.02396392822266,25.52624702453613,24.806509017944336
106.93791198730469,71.71479034423828,19.859580993652344,117.91301727294922
-214.3090667724609,36.71006393432617,48.89881134033203,41.99441909790039
170.51475524902344,80.57413482666016,22.66812896728516,128.48040771484378
258.64627075195307,69.117919921875,22.27067375183105,45.91048431396485
52.133460998535156,34.51328659057617,9.949461936950684,28.86621856689453
-24.084508895874023,2.4964094161987305,5.8169798851013175,5.25444221496582
58.7271957397461,70.01279449462889,19.328887939453125,113.22471618652344
269.5751953125,40.35461044311523,15.69423770904541,46.69939422607422
192.82208251953125,57.953590393066406,18.767160415649414,16.264266967773438
-140.35841369628906,19.725160598754886,35.20309829711914,-0.7918364405632019
-39.81555938720703,18.814769744873047,11.897826194763185,21.436479568481445
-37.14186096191406,-0.4212447106838226,6.7360615730285645,18.32948112487793
-237.4496307373047,-1.159227728843689,45.61334228515625,0.9347385168075562
-46.23624801635742,-0.8896887898445129,8.238170623779299,18.57205009460449
233.07313537597656,56.82603454589844,18.779096603393555,35.518672943115234
104.69766998291016,23.12202262878418,7.5944743156433105,7.833421230316162
100.73931121826172,18.783063888549805,6.464109897613525,5.590195655822754
-55.4764404296875,38.86262893676758,20.89837455749512,47.74454879760742
142.27891540527344,5.9683570861816415,5.805877685546875,42.30294036865234
5.982731342315674,7.776669502258301,2.948765516281128,17.031927108764652
51.8604507446289,94.63690948486328,26.151567459106445,148.7351837158203
-23.8523063659668,24.13711357116699,9.508530616760254,88.00542449951172
296.85662841796875,67.86725616455078,22.70888710021973,61.077369689941406
570.3976440429688,165.06004333496094,50.66179656982422,180.9048309326172
94.04322814941406,51.90762329101562,14.939776420593262,71.064453125
49.7333984375,34.565673828125,10.19560432434082,51.44549560546875
225.4995422363281,52.195289611816406,17.515981674194336,42.58185577392578
-169.18748474121094,0.44425109028816223,34.20845413208008,-4.6158103942871085
160.46490478515625,26.202373504638672,9.590639114379883,17.206119537353516
-152.09194946289062,-0.7731212973594666,29.70500373840332,-2.3332107067108154
157.40719604492188,28.34572982788086,10.069259643554688,13.645920753479006
-27.659290313720703,12.285120964050293,7.088768482208253,18.45766830444336
-4.443030834197998,15.215365409851074,4.41535234451294,42.47402572631836
-95.13943481445312,13.317660331726074,23.66657066345215,-0.3067096173763275
-72.7473373413086,29.07351875305176,19.750009536743164,46.980934143066406
-128.68931579589844,-0.1434602588415146,25.45303153991699,-2.265895128250122
311.33251953125,118.8718490600586,34.15714263916016,146.2759552001953
220.7040863037109,17.820953369140625,9.806717872619627,43.069786071777344
349.48577880859375,29.70826911926269,13.971168518066404,28.67582702636719
-68.91048431396484,-1.2071291208267212,12.324363708496096,27.92839241027832
-113.29521942138672,-0.8961625099182129,22.112592697143555,-0.0219857394695282
176.92706298828125,22.86247253417969,9.113844871520996,13.542325019836426
4.241178035736084,56.134193420410156,15.7250337600708,82.11980438232422
205.20236206054688,29.69684982299805,10.914392471313477,15.480058670043945
54.73920059204102,-0.2257543057203293,1.7889598608016968,40.042327880859375
-250.6390380859375,-1.021758794784546,49.11769104003906,-3.995802402496338
190.8267059326172,119.97915649414062,32.929065704345696,208.5884094238281
267.1908569335937,118.33391571044922,33.54476547241211,129.76077270507812
223.16989135742188,74.77143096923828,22.3941650390625,67.74057769775389
304.57855224609375,15.596949577331545,11.53243637084961,66.40311431884766
-115.68043518066406,2.349265813827514,24.04463005065918,-2.9771499633789062
-57.92074203491211,52.80599212646485,21.7627010345459,98.48345947265624
112.4428253173828,45.9118537902832,13.539443016052244,82.55870056152344
117.93254852294922,42.874794006347656,12.635120391845705,37.05257415771485
205.67660522460938,100.2450942993164,28.37978935241699,128.72023010253906
-4.2167840003967285,14.020085334777832,4.1740989685058585,54.12358856201172
-74.07770538330078,0.4877903759479522,14.895071983337402,-0.07714130729436874
118.22447967529295,21.632944107055664,7.511874675750732,10.003259658813477
180.21383666992188,15.498238563537598,8.281991004943848,39.245418548583984
-18.540813446044922,-2.73616099357605,2.977811574935913,50.56954956054688
-172.6267852783203,18.58309555053711,37.15012741088867,24.97908592224121
234.90196228027344,5.84757661819458,7.182976722717285,41.811912536621094
-135.9810791015625,-1.5411009788513184,25.727243423461914,21.81826400756836
166.38243103027344,65.2952880859375,18.769580841064453,69.93159484863281
-63.98896026611328,10.568455696105957,14.723402976989744,23.852954864501953
-38.104881286621094,75.12291717529297,25.92566680908203,139.98617553710938
-18.267621994018555,19.034908294677734,9.33488941192627,22.59964370727539
136.3797607421875,45.86073303222656,14.095900535583494,31.02835464477539
148.97036743164062,-2.201969861984253,2.159954786300659,29.39455604553223
273.3290405273437,59.057395935058594,20.48587417602539,139.52801513671878
418.1769409179688,148.1039581298828,44.20782470703125,125.48765563964844
69.23077392578125,41.47865295410156,11.64400577545166,81.58332061767578
173.10791015625,12.505532264709473,7.576955795288086,44.8608627319336
-171.86289978027344,0.8329892754554749,34.41727066040039,-3.580461978912353
92.96489715576172,40.321372985839844,11.941556930541992,52.7493896484375
208.66709899902344,95.3482894897461,27.08681869506836,119.36785888671876
254.8677520751953,93.56446075439452,27.799171447753906,78.05168151855469
-271.04696655273443,28.62296867370605,59.05998229980469,20.50323867797852
315.76446533203125,134.85028076171878,38.32458114624024,171.33067321777344
146.56826782226562,26.713388442993164,9.293213844299316,12.861432075500488
154.44921875,60.56557083129883,17.848196029663086,51.94184494018555
-67.31217956542969,-1.0896650552749634,12.54267120361328,21.259157180786133
-357.36102294921875,11.584304809570312,71.31204986572266,-3.835768222808838
207.926025390625,53.63110733032226,17.327119827270508,24.895999908447266
142.30978393554688,16.461326599121097,6.5724730491638175,8.893115997314453
-61.2381706237793,-0.1568315476179123,11.962305068969727,5.704143524169923
395.8840637207031,124.4583969116211,37.43810653686523,168.6085662841797
-241.5464324951172,-1.5218212604522705,46.77950668334961,16.438207626342773
-140.77886962890625,-1.403848648071289,27.033018112182614,0.6697286367416382
11.881341934204102,49.93529510498047,13.618316650390625,120.70083618164062
268.93170166015625,100.87611389160156,29.09207344055176,123.9566879272461
359.1087951660156,85.94991302490234,28.091264724731445,85.3709487915039
265.746826171875,56.50168228149414,19.080469131469727,66.91157531738281
-137.72486877441406,-0.20744462311267853,26.87053108215332,-0.08230363577604294
216.9500274658203,102.96792602539062,28.87363052368164,148.9597625732422
-206.26829528808597,-0.7575656771659851,39.958656311035156,-3.2856433391571045
219.404296875,14.947697639465332,8.099300384521483,21.927045822143555
-206.4036102294922,-0.0820918008685112,40.77660369873047,-4.234080791473389
-57.81251907348633,-0.4151379764080048,11.05117130279541,11.835063934326172
-9.20419692993164,62.12222290039063,20.165719985961914,70.04442596435547
-5.630494117736816,7.048651695251465,2.7087621688842773,19.339740753173828
371.4320068359375,98.29364776611328,31.16950607299805,145.5965118408203
155.36514282226562,58.38344955444336,18.496923446655273,14.713232040405273
-8.061110496520996,-0.7330179214477539,1.01734721660614,21.240955352783203
72.08145904541016,56.63555145263672,17.330459594726562,39.42528533935547
